0,DATE,D0,D1,D2,D3,D4,-9,W0,W1,W2,W3,W4
0,d_18950101,0,0,0,0,0,100,0,0,0,0,0
0,d_18950201,0,0,0,0,0,100,0,0,0,0,0
0,d_18950301,0,0,0,0,0,100,0,0,0,0,0
0,d_18950401,0,0,0,0,0,100,0,0,0,0,0
0,d_18950501,0,0,0,0,0,100,0,0,0,0,0
0,d_18950601,0,0,0,0,0,100,0,0,0,0,0
0,d_18950701,0,0,0,0,0,100,0,0,0,0,0
0,d_18950801,0,0,0,0,0,100,0,0,0,0,0
99.4,d_18950901,0.6,0,0,0,0,0,0,0,0,0,0
49.9,d_18951001,50.1,0,0,0,0,0,0,0,0,0,0
15.3,d_18951101,84.7,17.9,0,0,0,0,0,0,0,0,0
0,d_18951201,100,99.1,12.1,0.1,0,0,0,0,0,0,0
0,d_18960101,100,99.8,1.5,0,0,0,0,0,0,0,0
0,d_18960201,100,100,99.9,21.2,0,0,0,0,0,0,0
0,d_18960301,100,100,100,53.5,0,0,0,0,0,0,0
0,d_18960401,100,100,68.7,12.4,0,0,0,0,0,0,0
9.6,d_18960501,90.4,54.9,0.3,0,0,0,0,0,0,0,0
21.9,d_18960601,78.1,51.4,2,0,0,0,0,0,0,0,0
89.3,d_18960701,9.1,0,0,0,0,0,1.6,0,0,0,0
44.3,d_18960801,0,0,0,0,0,0,55.7,25.9,0,0,0
54.7,d_18960901,0.4,0,0,0,0,0,44.9,14.5,0,0,0
71.1,d_18961001,0.4,0,0,0,0,0,28.5,6.9,0,0,0
59.6,d_18961101,0,0,0,0,0,0,40.4,14.9,0,0,0
48.9,d_18961201,0,0,0,0,0,0,51.1,23.5,0,0,0
7.3,d_18970101,0,0,0,0,0,0,92.7,66,27.8,9.3,0
0,d_18970201,0,0,0,0,0,0,99.9,94,43.7,13.4,0
0,d_18970301,0,0,0,0,0,0,100,100,58.3,17,0
14.4,d_18970401,0,0,0,0,0,0,85.6,29.7,0,0,0
100,d_18970501,0,0,0,0,0,0,0,0,0,0,0
99.9,d_18970601,0,0,0,0,0,0,0.1,0,0,0,0
97.1,d_18970701,0,0,0,0,0,0,2.9,0,0,0,0
95.6,d_18970801,4,0,0,0,0,0,0.4,0,0,0,0
53.1,d_18970901,0,0,0,0,0,0,46.8,8.3,0,0,0
41.9,d_18971001,0,0,0,0,0,0,58.2,3.3,0,0,0
100,d_18971101,0,0,0,0,0,0,0,0,0,0,0
79.3,d_18971201,20.7,0,0,0,0,0,0,0,0,0,0
91.9,d_18980101,0,0,0,0,0,0,8.1,0,0,0,0
99.4,d_18980201,0,0,0,0,0,0,0.6,0,0,0,0
84.7,d_18980301,0,0,0,0,0,0,15.3,0,0,0,0
70.4,d_18980401,0,0,0,0,0,0,29.6,0,0,0,0
0,d_18980501,0,0,0,0,0,0,100,95.9,32.6,0.7,0
0.8,d_18980601,0,0,0,0,0,0,99.1,78.1,1.3,0,0
36.7,d_18980701,0,0,0,0,0,0,63.3,14,0,0,0
25,d_18980801,0,0,0,0,0,0,75,13.2,0,0,0
99.2,d_18980901,0,0,0,0,0,0,0.8,0,0,0,0
67.6,d_18981001,32.4,4.8,0,0,0,0,0,0,0,0,0
84,d_18981101,15.9,1.1,0,0,0,0,0,0,0,0,0
39.6,d_18981201,60.4,13.2,0,0,0,0,0,0,0,0,0
22.9,d_18990101,77.1,24.6,1.1,0,0,0,0,0,0,0,0
0,d_18990201,100,100,95,80.5,35.9,0,0,0,0,0,0
0.1,d_18990301,99.8,96.9,75.6,31.1,1.1,0,0,0,0,0,0
0.1,d_18990401,99.8,96.3,77.5,38.2,0,0,0,0,0,0,0
0,d_18990501,100,99.8,74.8,26.6,3.2,0,0,0,0,0,0
0.5,d_18990601,99.5,90.8,17.2,2.4,0,0,0,0,0,0,0
4.8,d_18990701,95.2,47.1,10.6,1.3,0,0,0,0,0,0,0
31.8,d_18990801,68.2,9.5,0,0,0,0,0,0,0,0,0
15.8,d_18990901,84.2,59.6,0,0,0,0,0,0,0,0,0
30.8,d_18991001,69.3,2.4,0,0,0,0,0,0,0,0,0
32.2,d_18991101,67.9,23.4,0,0,0,0,0,0,0,0,0
17.2,d_18991201,82.8,47.1,0,0,0,0,0,0,0,0,0
0,d_19000101,100.1,76.6,3.1,0,0,0,0,0,0,0,0
0,d_19000201,99.9,99.9,48.6,27.1,0,0,0,0,0,0,0
0,d_19000301,99.9,99.9,87,63.9,38.8,0,0,0,0,0,0
43,d_19000401,57,32.6,0.2,0,0,0,0,0,0,0,0
3.1,d_19000501,96.9,58.9,0,0,0,0,0,0,0,0,0
32.7,d_19000601,67.3,18.5,0,0,0,0,0,0,0,0,0
0,d_19000701,99.9,80.5,18.3,0,0,0,0,0,0,0,0
0,d_19000801,100,93.6,27.1,2.7,0,0,0,0,0,0,0
0,d_19000901,99.9,81.9,34.8,4.5,0,0,0,0,0,0,0
1.4,d_19001001,98.6,70.1,18.9,0.4,0,0,0,0,0,0,0
46.4,d_19001101,53.6,22,0,0,0,0,0,0,0,0,0
60.6,d_19001201,39.3,9.7,0,0,0,0,0,0,0,0,0
0,d_19010101,100,100,100,89.8,35.1,0,0,0,0,0,0
19.7,d_19010201,80.3,31.8,0,0,0,0,0,0,0,0,0
5.1,d_19010301,94.9,80.9,1.8,0,0,0,0,0,0,0,0
11,d_19010401,89,26.2,0,0,0,0,0,0,0,0,0
72.2,d_19010501,27.8,0,0,0,0,0,0,0,0,0,0
29.2,d_19010601,70.8,0,0,0,0,0,0,0,0,0,0
8.3,d_19010701,91.7,19.8,0,0,0,0,0,0,0,0,0
100,d_19010801,0,0,0,0,0,0,0,0,0,0,0
98,d_19010901,2,0,0,0,0,0,0,0,0,0,0
100,d_19011001,0,0,0,0,0,0,0,0,0,0,0
0,d_19011101,100,100,71.7,35.2,9.7,0,0,0,0,0,0
0,d_19011201,99.9,99.7,45.7,14.1,0,0,0,0,0,0,0
0,d_19020101,100,100,34.8,3.6,0,0,0,0,0,0,0
0,d_19020201,100,100,89.8,55.5,0.6,0,0,0,0,0,0
0,d_19020301,100,95.8,58.3,12.6,0,0,0,0,0,0,0
0,d_19020401,100,99,58.8,19.5,0,0,0,0,0,0,0
0,d_19020501,100,100,100,98.2,76.7,0,0,0,0,0,0
0,d_19020601,100,100,99.8,93,57.1,0,0,0,0,0,0
0,d_19020701,100,100,89.8,77.3,49.3,0,0,0,0,0,0
0.8,d_19020801,99.3,92.9,76.4,61.1,34.3,0,0,0,0,0,0
5.2,d_19020901,94.7,85.4,65.4,51.9,26.2,0,0,0,0,0,0
1.2,d_19021001,98.8,92.9,76.5,63,45.5,0,0,0,0,0,0
50.6,d_19021101,49.4,26.6,0,0,0,0,0,0,0,0,0
44.8,d_19021201,55.2,34.4,0,0,0,0,0,0,0,0,0
61.4,d_19030101,38.6,9.1,0,0,0,0,0,0,0,0,0
87,d_19030201,4.4,0,0,0,0,0,8.6,0,0,0,0
63.2,d_19030301,0.3,0,0,0,0,0,36.6,0,0,0,0
97.8,d_19030401,0,0,0,0,0,0,2.2,0,0,0,0
37.8,d_19030501,0,0,0,0,0,0,62.2,11.8,0,0,0
18.3,d_19030601,0,0,0,0,0,0,81.7,14.9,0,0,0
0,d_19030701,0,0,0,0,0,0,100,97,0,0,0
98.4,d_19030801,0,0,0,0,0,0,1.6,0,0,0,0
70.8,d_19030901,0,0,0,0,0,0,29.2,0,0,0,0
26.8,d_19031001,0,0,0,0,0,0,73.2,36,0,0,0
77.3,d_19031101,0,0,0,0,0,0,22.8,4.6,0,0,0
78.9,d_19031201,20.9,0.8,0,0,0,0,0.1,0,0,0,0
30.9,d_19040101,69.1,51.2,3.6,0,0,0,0,0,0,0,0
28.1,d_19040201,71.9,53.3,0.2,0,0,0,0,0,0,0,0
69.2,d_19040301,30.7,15,0,0,0,0,0,0,0,0,0
20,d_19040401,80,37.6,5.6,0,0,0,0,0,0,0,0
72.6,d_19040501,27.4,12.4,0,0,0,0,0,0,0,0,0
46.4,d_19040601,53.6,22.7,4.3,0,0,0,0,0,0,0,0
4.7,d_19040701,95.3,60,15.1,2.2,0,0,0,0,0,0,0
69.4,d_19040801,30.6,13.9,0,0,0,0,0,0,0,0,0
90.2,d_19040901,9.8,0,0,0,0,0,0,0,0,0,0
98.8,d_19041001,1.2,0,0,0,0,0,0,0,0,0,0
50.1,d_19041101,49.9,21.4,0,0,0,0,0,0,0,0,0
0,d_19041201,100,92.8,17.1,0.9,0,0,0,0,0,0,0
1.5,d_19050101,98.6,40.7,0,0,0,0,0,0,0,0,0
56,d_19050201,44.1,4.2,0,0,0,0,0,0,0,0,0
100,d_19050301,0,0,0,0,0,0,0,0,0,0,0
100,d_19050401,0,0,0,0,0,0,0,0,0,0,0
94.4,d_19050501,0,0,0,0,0,0,5.6,0,0,0,0
97,d_19050601,0,0,0,0,0,0,3,0,0,0,0
96.7,d_19050701,0,0,0,0,0,0,3.3,0,0,0,0
93,d_19050801,0,0,0,0,0,0,7,0,0,0,0
0,d_19050901,0,0,0,0,0,0,100,99.6,29,0,0
0.1,d_19051001,0,0,0,0,0,0,100,98.6,1.9,0,0
0,d_19051101,0,0,0,0,0,0,100,98,13.9,0,0
22.1,d_19051201,0,0,0,0,0,0,77.9,31.1,0,0,0
9.2,d_19060101,0,0,0,0,0,0,90.8,55.6,0,0,0
74,d_19060201,0,0,0,0,0,0,26,0.4,0,0,0
0,d_19060301,0,0,0,0,0,0,100,99.8,69.8,30.2,0
0,d_19060401,0,0,0,0,0,0,100,100,99.9,80.2,28.3
0,d_19060501,0,0,0,0,0,0,100,100,100,91,50.2
0,d_19060601,0,0,0,0,0,0,100,100,49.1,12.1,0
0,d_19060701,0,0,0,0,0,0,100,100,97.9,65.8,9.6
0,d_19060801,0,0,0,0,0,0,100,100,100,88.3,2.9
0,d_19060901,0,0,0,0,0,0,100,100,100,100,42.1
0,d_19061001,0,0,0,0,0,0,100,100,99.6,46.7,11.9
0,d_19061101,0,0,0,0,0,0,100,100,100,99.4,33.8
0,d_19061201,0,0,0,0,0,0,99.9,99.7,70.6,21.5,0
0,d_19070101,0,0,0,0,0,0,100,99.6,67.8,29.1,0.4
0,d_19070201,0,0,0,0,0,0,100,100,70.4,21.3,0
0,d_19070301,0,0,0,0,0,0,99.9,99.9,88.3,22.4,0
0,d_19070401,0,0,0,0,0,0,100,100,61.2,4.9,0
0,d_19070501,0,0,0,0,0,0,99.9,99.9,60.3,4.6,0
0,d_19070601,0,0,0,0,0,0,100,100,51.5,0,0
0,d_19070701,0,0,0,0,0,0,100,100,100,31.5,0
0,d_19070801,0,0,0,0,0,0,100,100,70.2,5,0
0,d_19070901,0,0,0,0,0,0,100,50.5,0,0,0
0,d_19071001,0,0,0,0,0,0,100,89.9,15.1,2,0
2.3,d_19071101,0,0,0,0,0,0,97.7,47,1.4,0,0
8.9,d_19071201,0,0,0,0,0,0,91.2,47.4,1.4,0,0
1.3,d_19080101,0,0,0,0,0,0,98.8,68.8,3,0,0
33.5,d_19080201,0,0,0,0,0,0,66.5,12.9,0,0,0
79.6,d_19080301,0,0,0,0,0,0,20.4,0.2,0,0,0
62.3,d_19080401,0,0,0,0,0,0,37.7,1.3,0,0,0
63.3,d_19080501,0,0,0,0,0,0,36.7,5.3,0,0,0
55.7,d_19080601,0,0,0,0,0,0,44.3,8.6,0,0,0
98.9,d_19080701,1.1,0,0,0,0,0,0,0,0,0,0
76.9,d_19080801,0,0,0,0,0,0,23,2.5,0,0,0
49.8,d_19080901,0,0,0,0,0,0,50.2,5.8,0,0,0
0.8,d_19081001,0,0,0,0,0,0,99.2,69.5,0,0,0
41,d_19081101,0,0,0,0,0,0,59.1,3.6,0,0,0
2.3,d_19081201,0,0,0,0,0,0,97.7,50.2,0,0,0
0,d_19090101,0,0,0,0,0,0,100.1,90,30,5.8,0
0,d_19090201,0,0,0,0,0,0,100,98.3,40.1,21.7,2.5
0,d_19090301,0,0,0,0,0,0,100,81.1,30.5,13.3,0
0.1,d_19090401,0,0,0,0,0,0,99.9,61.9,18.1,7.3,0
41.4,d_19090501,0,0,0,0,0,0,58.6,34.6,10.9,1.8,0
72.5,d_19090601,0,0,0,0,0,0,27.5,15.4,1.2,0,0
59.4,d_19090701,30.2,1,0,0,0,0,10.3,2.3,0,0,0
20.2,d_19090801,0,0,0,0,0,0,79.9,50.3,20.1,11.5,0.4
0,d_19090901,0,0,0,0,0,0,100,91.1,18.9,7.8,0
39.7,d_19091001,0,0,0,0,0,0,60.3,21.6,0,0,0
7.9,d_19091101,0,0,0,0,0,0,92.2,30,0,0,0
0,d_19091201,0,0,0,0,0,0,100,71.5,1.2,0,0
0,d_19100101,0,0,0,0,0,0,100,100,55.6,12.4,0
0,d_19100201,0,0,0,0,0,0,100,99.8,47.3,11.8,0
0,d_19100301,0,0,0,0,0,0,100,95.4,21.5,0,0
0.7,d_19100401,0,0,0,0,0,0,99.3,53.7,0.8,0,0
100,d_19100501,0,0,0,0,0,0,0,0,0,0,0
26.2,d_19100601,73.8,9.7,0,0,0,0,0,0,0,0,0
96.8,d_19100701,3,0,0,0,0,0,0.2,0,0,0,0
19.2,d_19100801,80.7,54.3,0,0,0,0,0,0,0,0,0
47.1,d_19100901,53,18.5,0,0,0,0,0,0,0,0,0
21.2,d_19101001,78.5,35.6,13.5,4.9,0,0,0.4,0,0,0,0
55.6,d_19101101,41.7,24.2,8.3,0.7,0,0,2.6,0,0,0,0
64.1,d_19101201,25.5,17,4.6,0,0,0,10.3,4.3,0.1,0,0
15.6,d_19110101,0,0,0,0,0,0,84.4,74.1,28,14.7,0.4
1.4,d_19110201,0,0,0,0,0,0,98.6,88.5,67.4,33.6,4.3
2,d_19110301,0,0,0,0,0,0,98,85.1,48.8,21,2.3
11,d_19110401,0,0,0,0,0,0,88.9,72.4,15.5,1.3,0
14.7,d_19110501,0,0,0,0,0,0,85.2,59.8,3.4,0,0
25.1,d_19110601,0,0,0,0,0,0,74.8,32.9,0.2,0,0
5.9,d_19110701,0,0,0,0,0,0,94.1,64.2,0,0,0
44.3,d_19110801,0,0,0,0,0,0,55.7,21.2,0,0,0
1.1,d_19110901,0,0,0,0,0,0,98.8,90,39.2,1.3,0
87.4,d_19111001,0.3,0,0,0,0,0,12.3,0,0,0,0
80.4,d_19111101,19.1,6.9,0,0,0,0,0.5,0,0,0,0
82,d_19111201,18,7.9,0.1,0,0,0,0,0,0,0,0
81.3,d_19120101,18.1,9.5,0.3,0,0,0,0.6,0,0,0,0
73.9,d_19120201,14.7,6.4,0.1,0,0,0,11.4,1.4,0,0,0
40.9,d_19120301,0.1,0,0,0,0,0,59,14.6,0,0,0
68.8,d_19120401,0,0,0,0,0,0,31.2,1.4,0,0,0
31.7,d_19120501,0,0,0,0,0,0,68.3,8.7,0,0,0
66.3,d_19120601,33.7,0.1,0,0,0,0,0,0,0,0,0
96.2,d_19120701,3.8,0,0,0,0,0,0,0,0,0,0
94.9,d_19120801,5.1,0,0,0,0,0,0,0,0,0,0
72.8,d_19120901,27.2,3.6,0,0,0,0,0,0,0,0,0
15.4,d_19121001,0,0,0,0,0,0,84.5,71.9,27.7,5.7,0
17.4,d_19121101,0,0,0,0,0,0,82.6,66.6,13.5,0.5,0
88.1,d_19121201,10.1,3.6,0,0,0,0,1.8,0,0,0,0
76.3,d_19130101,23.7,14.4,4.9,1.5,0,0,0,0,0,0,0
87.8,d_19130201,12.2,5.1,0,0,0,0,0,0,0,0,0
84.7,d_19130301,15.3,6.9,0,0,0,0,0,0,0,0,0
82.6,d_19130401,17.4,5.9,0,0,0,0,0,0,0,0,0
85.2,d_19130501,14.9,1.9,0,0,0,0,0,0,0,0,0
96.3,d_19130601,3.7,0,0,0,0,0,0,0,0,0,0
0,d_19130701,100,100,60,18.1,0,0,0,0,0,0,0
0,d_19130801,99.9,99.9,19.3,0.1,0,0,0,0,0,0,0
9.9,d_19130901,90.1,36.5,0,0,0,0,0,0,0,0,0
0,d_19131001,100,91.3,8,0,0,0,0,0,0,0,0
30.7,d_19131101,69.3,6.3,0,0,0,0,0,0,0,0,0
93.5,d_19131201,6.5,0,0,0,0,0,0,0,0,0,0
90.3,d_19140101,0,0,0,0,0,0,9.8,0.6,0,0,0
74.7,d_19140201,0,0,0,0,0,0,25.3,7,0,0,0
99,d_19140301,0.2,0,0,0,0,0,0.8,0,0,0,0
89.3,d_19140401,0,0,0,0,0,0,10.7,0.3,0,0,0
91.3,d_19140501,0,0,0,0,0,0,8.6,0.1,0,0,0
44.6,d_19140601,0,0,0,0,0,0,55.4,17.6,0,0,0
0,d_19140701,0,0,0,0,0,0,100,100,74.8,53.4,12.5
12.7,d_19140801,0,0,0,0,0,0,87.3,69.6,21,7.6,0
21.3,d_19140901,0,0,0,0,0,0,78.7,62.4,20.8,9.3,0
31.1,d_19141001,9.5,3.3,0,0,0,0,59.4,35.6,9.9,0,0
52.7,d_19141101,17.2,9.4,0.3,0,0,0,30.1,12.8,0,0,0
34.6,d_19141201,11.5,5.7,0,0,0,0,53.9,30,4.5,0,0
28.5,d_19150101,11.8,6,0.1,0,0,0,59.8,35,4.6,0,0
20,d_19150201,0,0,0,0,0,0,80,61.7,14.3,0.4,0
97.4,d_19150301,0,0,0,0,0,0,2.6,0,0,0,0
80,d_19150401,20,3.4,0,0,0,0,0,0,0,0,0
96.2,d_19150501,0,0,0,0,0,0,3.8,0,0,0,0
100,d_19150601,0,0,0,0,0,0,0,0,0,0,0
39.9,d_19150701,0,0,0,0,0,0,60,16,0,0,0
48.2,d_19150801,0,0,0,0,0,0,51.8,5.9,0,0,0
32,d_19150901,0,0,0,0,0,0,68,23.5,0,0,0
92.8,d_19151001,7.2,0.1,0,0,0,0,0.1,0,0,0,0
91.3,d_19151101,8.7,0,0,0,0,0,0,0,0,0,0
82.2,d_19151201,0,0,0,0,0,0,17.8,2.8,0,0,0
0.7,d_19160101,0,0,0,0,0,0,99.3,77.5,12.2,6.3,0
12.8,d_19160201,0,0,0,0,0,0,87.1,40.4,3.3,0,0
3.1,d_19160301,0,0,0,0,0,0,96.9,81.6,12.3,0,0
10.8,d_19160401,0,0,0,0,0,0,89.2,54.1,1.3,0,0
0.4,d_19160501,0,0,0,0,0,0,99.6,89.9,20.1,0,0
6.1,d_19160601,0,0,0,0,0,0,94,78.4,9.5,0,0
0,d_19160701,0,0,0,0,0,0,100,100,100,85.6,27.4
0,d_19160801,0,0,0,0,0,0,99.9,99.9,97.5,90.3,52.2
0,d_19160901,0,0,0,0,0,0,100,100,91.2,60.6,8.4
0,d_19161001,0,0,0,0,0,0,100,95.9,54.7,17.8,0
2.1,d_19161101,0,0,0,0,0,0,97.9,86.4,21.8,0.8,0
16.3,d_19161201,0,0,0,0,0,0,83.7,37.9,3.4,0,0
3.5,d_19170101,0,0,0,0,0,0,96.5,76.7,16.5,3.2,0
4.3,d_19170201,0,0,0,0,0,0,95.7,74.1,7.4,0.2,0
4.8,d_19170301,0,0,0,0,0,0,95.1,66.7,17.7,0,0
20.9,d_19170401,0,0,0,0,0,0,79.1,44.3,1,0,0
0.8,d_19170501,0,0,0,0,0,0,99.2,76.4,16.4,0,0
0.5,d_19170601,0,0,0,0,0,0,99.4,80.9,25.1,2.1,0
15.1,d_19170701,0,0,0,0,0,0,84.8,55.6,3.2,0,0
14,d_19170801,0,0,0,0,0,0,86,60.5,4.5,0,0
16.3,d_19170901,0,0,0,0,0,0,83.8,60.1,0,0,0
68.3,d_19171001,2.5,0,0,0,0,0,29.2,4.1,0,0,0
70.8,d_19171101,0,0,0,0,0,0,29.1,2.8,0,0,0
94.5,d_19171201,0.5,0,0,0,0,0,5,0,0,0,0
68.6,d_19180101,13.9,3.1,0,0,0,0,17.5,4,0,0,0
41.4,d_19180201,58.7,36.5,9.1,0.3,0,0,0,0,0,0,0
63.2,d_19180301,0,0,0,0,0,0,36.8,14.5,0,0,0
88.2,d_19180401,5.9,0,0,0,0,0,5.9,0,0,0,0
78.2,d_19180501,2.5,0,0,0,0,0,19.3,0,0,0,0
75.4,d_19180601,0,0,0,0,0,0,24.6,0,0,0,0
6.5,d_19180701,0,0,0,0,0,0,93.5,56.1,0,0,0
19.3,d_19180801,0,0,0,0,0,0,80.7,51.6,0,0,0
6,d_19180901,0,0,0,0,0,0,94,80.5,2.8,0,0
13.7,d_19181001,0,0,0,0,0,0,86.2,40.8,0,0,0
10,d_19181101,0,0,0,0,0,0,90,44.2,0,0,0
99.6,d_19181201,0.4,0,0,0,0,0,0,0,0,0,0
95.5,d_19190101,4.5,0,0,0,0,0,0,0,0,0,0
91.7,d_19190201,0,0,0,0,0,0,8.3,0,0,0,0
100,d_19190301,0,0,0,0,0,0,0,0,0,0,0
75.1,d_19190401,25,1.1,0,0,0,0,0,0,0,0,0
99.7,d_19190501,0.3,0,0,0,0,0,0,0,0,0,0
74.2,d_19190601,25.8,0,0,0,0,0,0,0,0,0,0
100,d_19190701,0,0,0,0,0,0,0,0,0,0,0
99.5,d_19190801,0.5,0,0,0,0,0,0,0,0,0,0
94.3,d_19190901,5.7,0,0,0,0,0,0,0,0,0,0
100,d_19191001,0,0,0,0,0,0,0,0,0,0,0
100,d_19191101,0,0,0,0,0,0,0,0,0,0,0
100,d_19191201,0,0,0,0,0,0,0,0,0,0,0
99.6,d_19200101,0.4,0,0,0,0,0,0,0,0,0,0
99.4,d_19200201,0.6,0,0,0,0,0,0,0,0,0,0
2.7,d_19200301,0,0,0,0,0,0,97.3,89.5,0,0,0
8.8,d_19200401,0,0,0,0,0,0,91.2,74.2,0,0,0
5.5,d_19200501,0,0,0,0,0,0,94.5,85.4,4.2,0,0
5.4,d_19200601,0,0,0,0,0,0,94.6,86,9.3,0,0
2.9,d_19200701,0,0,0,0,0,0,97.1,90.6,68.9,4.6,0
7.5,d_19200801,0,0,0,0,0,0,92.6,84.2,26.6,0.4,0
5.7,d_19200901,0,0,0,0,0,0,94.2,86.4,30.8,2,0
0,d_19201001,0,0,0,0,0,0,99.9,99.8,91.5,82.2,27.9
0,d_19201101,0,0,0,0,0,0,100,99.6,90.2,77.3,1.4
10.3,d_19201201,0,0,0,0,0,0,89.8,76.2,0,0,0
5.7,d_19210101,0,0,0,0,0,0,94.3,78.5,0,0,0
21.6,d_19210201,0,0,0,0,0,0,78.4,33.7,0,0,0
66.7,d_19210301,0,0,0,0,0,0,33.2,0.8,0,0,0
24.9,d_19210401,0,0,0,0,0,0,75.1,12.9,0,0,0
41.5,d_19210501,0,0,0,0,0,0,58.5,1.6,0,0,0
47.9,d_19210601,0,0,0,0,0,0,52,1.2,0,0,0
100,d_19210701,0,0,0,0,0,0,0,0,0,0,0
72.8,d_19210801,0,0,0,0,0,0,27.2,0,0,0,0
99.8,d_19210901,0,0,0,0,0,0,0.2,0,0,0,0
99.2,d_19211001,0,0,0,0,0,0,0.8,0,0,0,0
72.7,d_19211101,0,0,0,0,0,0,27.3,2,0,0,0
0,d_19211201,0,0,0,0,0,0,100,100,31.6,6.6,0
0,d_19220101,0,0,0,0,0,0,100,99.7,16.9,0,0
0,d_19220201,0,0,0,0,0,0,100,68.7,1.4,0,0
0,d_19220301,0,0,0,0,0,0,100,78.8,0,0,0
0,d_19220401,0,0,0,0,0,0,100,86.1,0.4,0,0
93.9,d_19220501,0,0,0,0,0,0,6.1,0,0,0,0
14.6,d_19220601,0,0,0,0,0,0,85.4,0,0,0,0
16.3,d_19220701,0,0,0,0,0,0,83.7,0,0,0,0
0,d_19220801,0,0,0,0,0,0,100.1,92.4,4.6,0,0
96.2,d_19220901,0,0,0,0,0,0,3.8,0,0,0,0
99.1,d_19221001,0,0,0,0,0,0,0.9,0,0,0,0
78.2,d_19221101,0,0,0,0,0,0,21.8,0,0,0,0
55.4,d_19221201,0,0,0,0,0,0,44.6,9.5,0,0,0
62,d_19230101,0,0,0,0,0,0,38,9.4,0,0,0
70.4,d_19230201,0,0,0,0,0,0,29.6,4.6,0,0,0
74.8,d_19230301,0,0,0,0,0,0,25.2,2.7,0,0,0
27.9,d_19230401,0,0,0,0,0,0,72.1,35.3,0,0,0
87.5,d_19230501,0,0,0,0,0,0,12.5,0,0,0,0
77.3,d_19230601,0,0,0,0,0,0,22.7,3,0,0,0
68.2,d_19230701,0,0,0,0,0,0,31.8,9.1,0,0,0
69.3,d_19230801,0,0,0,0,0,0,30.6,0.3,0,0,0
85.2,d_19230901,0,0,0,0,0,0,14.8,0,0,0,0
96.5,d_19231001,0,0,0,0,0,0,3.5,0,0,0,0
99.6,d_19231101,0,0,0,0,0,0,0.4,0,0,0,0
82.4,d_19231201,0,0,0,0,0,0,17.6,0,0,0,0
72.1,d_19240101,27.9,0.2,0,0,0,0,0,0,0,0,0
4.1,d_19240201,95.9,39.5,0.1,0,0,0,0,0,0,0,0
78.3,d_19240301,21.7,1.9,0,0,0,0,0,0,0,0,0
65.4,d_19240401,34.6,8.5,0,0,0,0,0,0,0,0,0
50.3,d_19240501,49.7,20.9,0.1,0,0,0,0,0,0,0,0
0,d_19240601,100,50,4.7,0,0,0,0,0,0,0,0
72.7,d_19240701,27.3,7.9,0,0,0,0,0,0,0,0,0
40.4,d_19240801,59.5,29.4,0.7,0,0,0,0,0,0,0,0
30.7,d_19240901,69.3,29.9,0.9,0,0,0,0,0,0,0,0
52.5,d_19241001,47.5,17.2,0,0,0,0,0,0,0,0,0
86.6,d_19241101,13.4,0,0,0,0,0,0,0,0,0,0
98.7,d_19241201,1.3,0,0,0,0,0,0,0,0,0,0
40.9,d_19250101,59.1,14,0,0,0,0,0,0,0,0,0
11,d_19250201,89,34.9,0,0,0,0,0,0,0,0,0
56.5,d_19250301,43.6,0.8,0,0,0,0,0,0,0,0,0
8.2,d_19250401,91.9,2.4,0,0,0,0,0,0,0,0,0
24,d_19250501,76,0,0,0,0,0,0,0,0,0,0
98,d_19250601,0,0,0,0,0,0,2,0,0,0,0
97.6,d_19250701,0,0,0,0,0,0,2.4,0,0,0,0
31.9,d_19250801,0,0,0,0,0,0,68.2,53.4,3,0,0
34.8,d_19250901,0,0,0,0,0,0,65.2,50.6,1.4,0,0
1.7,d_19251001,0,0,0,0,0,0,98.3,85.3,58.7,32,0
0.5,d_19251101,0,0,0,0,0,0,99.5,86.2,58.7,41.9,1.2
12.2,d_19251201,0,0,0,0,0,0,87.9,73.9,54.6,36.3,1
37.9,d_19260101,0.3,0,0,0,0,0,61.9,53.4,23.4,2.8,0
33.2,d_19260201,0,0,0,0,0,0,66.8,58.1,31.6,7.1,0
52.3,d_19260301,30.3,4.7,0,0,0,0,17.5,4.6,0,0,0
29.4,d_19260401,0,0,0,0,0,0,70.6,56.5,15.9,2.6,0
56.4,d_19260501,0,0,0,0,0,0,43.6,7.9,0,0,0
90.1,d_19260601,0,0,0,0,0,0,9.9,0,0,0,0
84.2,d_19260701,15.7,0.3,0,0,0,0,0,0,0,0,0
98.3,d_19260801,1.7,0,0,0,0,0,0,0,0,0,0
100,d_19260901,0,0,0,0,0,0,0,0,0,0,0
100,d_19261001,0,0,0,0,0,0,0,0,0,0,0
100,d_19261101,0,0,0,0,0,0,0,0,0,0,0
31.1,d_19261201,0,0,0,0,0,0,68.9,8,0,0,0
62,d_19270101,38,0,0,0,0,0,0,0,0,0,0
100,d_19270201,0,0,0,0,0,0,0,0,0,0,0
1.3,d_19270301,0,0,0,0,0,0,98.7,67.2,0,0,0
25.4,d_19270401,0,0,0,0,0,0,74.6,5.3,0,0,0
89.7,d_19270501,0,0,0,0,0,0,10.3,0,0,0,0
44.9,d_19270601,0,0,0,0,0,0,55.1,0,0,0,0
0.8,d_19270701,0,0,0,0,0,0,99.1,67,0,0,0
0,d_19270801,0,0,0,0,0,0,100.1,89.8,0.6,0,0
0,d_19270901,0,0,0,0,0,0,100,97.9,5.2,0,0
0,d_19271001,0,0,0,0,0,0,100,100,70.4,12.9,0
0,d_19271101,0,0,0,0,0,0,100,87.9,6.9,0,0
56.3,d_19271201,0,0,0,0,0,0,43.7,1.4,0,0,0
73.8,d_19280101,0,0,0,0,0,0,26.2,0,0,0,0
0,d_19280201,0,0,0,0,0,0,100,86,1,0,0
0,d_19280301,0,0,0,0,0,0,100,83.5,0.2,0,0
6.4,d_19280401,0,0,0,0,0,0,93.6,27.6,0,0,0
14.2,d_19280501,0,0,0,0,0,0,85.8,9.1,0,0,0
80.7,d_19280601,0,0,0,0,0,0,19.3,0,0,0,0
87.9,d_19280701,12.1,0.1,0,0,0,0,0,0,0,0,0
9.1,d_19280801,90.9,22.4,0,0,0,0,0,0,0,0,0
0,d_19280901,100,87.5,1.4,0,0,0,0,0,0,0,0
12.3,d_19281001,87.7,9.1,0,0,0,0,0,0,0,0,0
0.1,d_19281101,100,69,0,0,0,0,0,0,0,0,0
0,d_19281201,100,100,30.3,0,0,0,0,0,0,0,0
29,d_19290101,71,18.5,0,0,0,0,0,0,0,0,0
60.3,d_19290201,39.7,13.6,0.1,0,0,0,0,0,0,0,0
47.4,d_19290301,52.6,13.8,0.2,0,0,0,0,0,0,0,0
76.3,d_19290401,23.6,13.5,0.9,0,0,0,0,0,0,0,0
83.5,d_19290501,16.5,9,0.1,0,0,0,0,0,0,0,0
85,d_19290601,15.1,7,0,0,0,0,0,0,0,0,0
77.7,d_19290701,19,13.6,3.6,0.1,0,0,3.4,0,0,0,0
33.7,d_19290801,14.3,10.2,1.9,0,0,0,51.9,11.9,0,0,0
17,d_19290901,11.5,7.1,0.2,0,0,0,71.5,50.9,1.7,0,0
58.7,d_19291001,18.8,15,7.7,3.5,0,0,22.5,2,0,0,0
63.1,d_19291101,36.2,24.7,15.4,10.9,5.3,0,0.7,0,0,0,0
59.6,d_19291201,40.1,27.5,17.1,13.6,7.9,0,0.3,0,0,0,0
68.9,d_19300101,21,14.1,1.7,0,0,0,10.2,0.9,0,0,0
77.5,d_19300201,19.4,11.7,0,0,0,0,3.1,0,0,0,0
78.7,d_19300301,13.3,4.5,0,0,0,0,8,0,0,0,0
80.7,d_19300401,19.2,6.3,0,0,0,0,0,0,0,0,0
54.8,d_19300501,45.2,5.8,0,0,0,0,0,0,0,0,0
44.4,d_19300601,55.6,32.6,0,0,0,0,0,0,0,0,0
83,d_19300701,17,0,0,0,0,0,0,0,0,0,0
33.4,d_19300801,0,0,0,0,0,0,66.6,31.1,0,0,0
2.1,d_19300901,0,0,0,0,0,0,97.9,68.3,0,0,0
47.9,d_19301001,0,0,0,0,0,0,52.2,22.8,0,0,0
25,d_19301101,0,0,0,0,0,0,75,47,0.8,0,0
50.7,d_19301201,0,0,0,0,0,0,49.3,26.3,0,0,0
33.4,d_19310101,0,0,0,0,0,0,66.7,41.3,3,0,0
93.2,d_19310201,0,0,0,0,0,0,6.8,0,0,0,0
88.5,d_19310301,11.5,2.8,0,0,0,0,0,0,0,0,0
72.3,d_19310401,27.7,3.4,0,0,0,0,0,0,0,0,0
6.2,d_19310501,93.8,50.7,0.1,0,0,0,0,0,0,0,0
10.5,d_19310601,89.4,46.1,1.4,0,0,0,0,0,0,0,0
0,d_19310701,100,94.9,4.9,0.3,0,0,0,0,0,0,0
0,d_19310801,100,99.6,44.1,1.3,0,0,0,0,0,0,0
0,d_19310901,99.9,90,23.6,0.4,0,0,0,0,0,0,0
7.9,d_19311001,92.1,75,12.1,0,0,0,0,0,0,0,0
64,d_19311101,36.1,13.9,0,0,0,0,0,0,0,0,0
77.6,d_19311201,3.4,0,0,0,0,0,19,5.3,0,0,0
88.2,d_19320101,0,0,0,0,0,0,11.8,0.3,0,0,0
30.9,d_19320201,0,0,0,0,0,0,69.1,57,12.8,0.3,0
43.5,d_19320301,0,0,0,0,0,0,56.5,16.9,0,0,0
36.7,d_19320401,0,0,0,0,0,0,63.3,40.9,0,0,0
28.1,d_19320501,0,0,0,0,0,0,71.9,54.8,0,0,0
0,d_19320601,0,0,0,0,0,0,99.9,90.5,56.7,19,0
0,d_19320701,0,0,0,0,0,0,100,100,92.6,78.4,43.7
0,d_19320801,0,0,0,0,0,0,100,100,85.5,62,3
0,d_19320901,0,0,0,0,0,0,100,99.7,69.6,22.2,0
0,d_19321001,0,0,0,0,0,0,100.1,96.9,64.7,21.2,0
54.3,d_19321101,0,0,0,0,0,0,45.7,0,0,0,0
17.6,d_19321201,0,0,0,0,0,0,82.4,63.2,0,0,0
3.3,d_19330101,0,0,0,0,0,0,96.7,79.1,43.4,0,0
26.5,d_19330201,0,0,0,0,0,0,73.5,38.1,0,0,0
99.7,d_19330301,0.3,0,0,0,0,0,0,0,0,0,0
15,d_19330401,85.1,26.2,0,0,0,0,0,0,0,0,0
38.6,d_19330501,61.4,17.7,0,0,0,0,0,0,0,0,0
11.9,d_19330601,88.1,21.9,0,0,0,0,0,0,0,0,0
88.9,d_19330701,11.1,0,0,0,0,0,0,0,0,0,0
99.2,d_19330801,0.8,0,0,0,0,0,0,0,0,0,0
5.7,d_19330901,94.4,46.7,0,0,0,0,0,0,0,0,0
0,d_19331001,100,100,83,29.7,4,0,0,0,0,0,0
0.3,d_19331101,99.7,84.1,8.4,0,0,0,0,0,0,0,0
41.5,d_19331201,58.5,6.3,0,0,0,0,0,0,0,0,0
6.5,d_19340101,93.4,34.5,0,0,0,0,0,0,0,0,0
0,d_19340201,100,95.5,10.2,0,0,0,0,0,0,0,0
0,d_19340301,100,99.6,12.9,0,0,0,0,0,0,0,0
0,d_19340401,100,100,93.6,15.2,0,0,0,0,0,0,0
0,d_19340501,99.9,99.9,75,4.8,0,0,0,0,0,0,0
0,d_19340601,100,99.4,4.3,0,0,0,0,0,0,0,0
0,d_19340701,100,98.4,0,0,0,0,0,0,0,0,0
0,d_19340801,100,87.3,0,0,0,0,0,0,0,0,0
0,d_19340901,100,100,67.7,0,0,0,0,0,0,0,0
0,d_19341001,100.1,100.1,62.9,1,0,0,0,0,0,0,0
0,d_19341101,100,100,44.5,0.4,0,0,0,0,0,0,0
1.8,d_19341201,98.2,72.2,2.2,0,0,0,0,0,0,0,0
9.8,d_19350101,90.3,71.1,22.7,0.6,0,0,0,0,0,0,0
13.2,d_19350201,86.8,56.8,6.6,0,0,0,0,0,0,0,0
27.4,d_19350301,72.6,48,0,0,0,0,0,0,0,0,0
52.6,d_19350401,47.4,11.9,0,0,0,0,0,0,0,0,0
100,d_19350501,0,0,0,0,0,0,0,0,0,0,0
100,d_19350601,0,0,0,0,0,0,0,0,0,0,0
94.9,d_19350701,0,0,0,0,0,0,5.1,0,0,0,0
84,d_19350801,0,0,0,0,0,0,16,0,0,0,0
90.1,d_19350901,0.2,0,0,0,0,0,9.7,0,0,0,0
90.7,d_19351001,9.3,0,0,0,0,0,0,0,0,0,0
89.1,d_19351101,10.9,0.2,0,0,0,0,0,0,0,0,0
99.9,d_19351201,0.1,0,0,0,0,0,0,0,0,0,0
70.3,d_19360101,29.7,11.4,0,0,0,0,0,0,0,0,0
10.9,d_19360201,89,20.4,0,0,0,0,0,0,0,0,0
59.8,d_19360301,40.3,4.2,0,0,0,0,0,0,0,0,0
2.2,d_19360401,97.8,27.9,0,0,0,0,0,0,0,0,0
0,d_19360501,100,94.6,11.1,0,0,0,0,0,0,0,0
0.9,d_19360601,99.1,76.6,0,0,0,0,0,0,0,0,0
23.5,d_19360701,0,0,0,0,0,0,76.5,37.4,0.7,0,0
8.4,d_19360801,0,0,0,0,0,0,91.6,69.9,23,5.4,0
36.3,d_19360901,0,0,0,0,0,0,63.7,27.7,3.4,0.6,0
0,d_19361001,0,0,0,0,0,0,100,95.5,38.7,5.9,0.2
13.7,d_19361101,0,0,0,0,0,0,86.3,62.2,0.7,0,0
0,d_19361201,0,0,0,0,0,0,100,100,52.5,2.5,0
0,d_19370101,0,0,0,0,0,0,100,100,100,100,62.7
0,d_19370201,0,0,0,0,0,0,99.9,99.9,99.9,98.5,50.4
0,d_19370301,0,0,0,0,0,0,99.9,99.9,99.9,99.8,73.5
0,d_19370401,0,0,0,0,0,0,100,95.4,23.4,0,0
2.9,d_19370501,0,0,0,0,0,0,97.1,62.5,5.4,0,0
0,d_19370601,0,0,0,0,0,0,100,75.8,18.8,0,0
14.3,d_19370701,0,0,0,0,0,0,85.7,72.5,5,0,0
22.1,d_19370801,0,0,0,0,0,0,77.9,49.3,4.7,0,0
30.6,d_19370901,0,0,0,0,0,0,69.4,22.4,0,0,0
94.4,d_19371001,5.6,0,0,0,0,0,0,0,0,0,0
75.8,d_19371101,24.2,0,0,0,0,0,0.1,0,0,0,0
20.3,d_19371201,79.7,56.2,0,0,0,0,0,0,0,0,0
62.6,d_19380101,34.2,0,0,0,0,0,3.2,0.1,0,0,0
97.1,d_19380201,0,0,0,0,0,0,2.9,0,0,0,0
33.1,d_19380301,0,0,0,0,0,0,66.8,38.5,1.7,0,0
66.9,d_19380401,0,0,0,0,0,0,33.1,15,0,0,0
1.4,d_19380501,0,0,0,0,0,0,98.5,82.4,14.5,0,0
18.6,d_19380601,0,0,0,0,0,0,81.4,58.3,1.9,0,0
17.4,d_19380701,0,0,0,0,0,0,82.5,58.9,5.5,0,0
6.7,d_19380801,0,0,0,0,0,0,93.3,79.9,34.6,3.1,0
27,d_19380901,0,0,0,0,0,0,73,46.3,4.1,0,0
26.8,d_19381001,0,0,0,0,0,0,73.2,38.1,5.1,0,0
46.9,d_19381101,0,0,0,0,0,0,53.1,23.7,0,0,0
90.5,d_19381201,9.5,0,0,0,0,0,0,0,0,0,0
99.4,d_19390101,0,0,0,0,0,0,0.6,0,0,0,0
61,d_19390201,39,16,0,0,0,0,0,0,0,0,0
51.8,d_19390301,48.2,17.8,0,0,0,0,0,0,0,0,0
80.1,d_19390401,19.9,0,0,0,0,0,0,0,0,0,0
51.5,d_19390501,48.5,7.4,0,0,0,0,0,0,0,0,0
58.5,d_19390601,41.5,6.8,0,0,0,0,0,0,0,0,0
35.8,d_19390701,64.2,21.2,1.2,0,0,0,0,0,0,0,0
1.2,d_19390801,98.8,52.5,8.3,0.4,0,0,0,0,0,0,0
63.7,d_19390901,0,0,0,0,0,0,36.3,2.3,0,0,0
89.9,d_19391001,0,0,0,0,0,0,10.1,0,0,0,0
96.2,d_19391101,0,0,0,0,0,0,3.8,0,0,0,0
68.7,d_19391201,31.3,0,0,0,0,0,0,0,0,0,0
97.5,d_19400101,0,0,0,0,0,0,2.5,0,0,0,0
58.4,d_19400201,0,0,0,0,0,0,41.6,9.9,0,0,0
77.8,d_19400301,0,0,0,0,0,0,22.2,0,0,0,0
83.1,d_19400401,0,0,0,0,0,0,16.9,0,0,0,0
82.7,d_19400501,0,0,0,0,0,0,17.3,0,0,0,0
1,d_19400601,99.1,76.8,8.3,0.7,0,0,0,0,0,0,0
0,d_19400701,100,99.8,72.8,37.6,4.7,0,0,0,0,0,0
0,d_19400801,99.9,99.8,65,13.8,1.6,0,0,0,0,0,0
98.5,d_19400901,0.6,0,0,0,0,0,1,0,0,0,0
91.1,d_19401001,8.3,0,0,0,0,0,0.7,0,0,0,0
14.2,d_19401101,85.8,22.6,0,0,0,0,0,0,0,0,0
95.5,d_19401201,0.7,0,0,0,0,0,3.8,0,0,0,0
92.9,d_19410101,0.1,0,0,0,0,0,6.9,0,0,0,0
62.7,d_19410201,0,0,0,0,0,0,37.3,6.9,0,0,0
3.1,d_19410301,0,0,0,0,0,0,96.9,59.5,0.7,0,0
0,d_19410401,0,0,0,0,0,0,99.9,99.9,96.1,57.1,8.1
0,d_19410501,0,0,0,0,0,0,100.1,100.1,100.1,86.3,15
0,d_19410601,0,0,0,0,0,0,100,100,83.6,9.6,0
0,d_19410701,0,0,0,0,0,0,100,100,99.9,95,38.7
0,d_19410801,0,0,0,0,0,0,99.9,99.9,99.5,93,33.8
0,d_19410901,0,0,0,0,0,0,100.1,100.1,97.9,63.4,3.9
0,d_19411001,0,0,0,0,0,0,100,100,100,100,100
0,d_19411101,0,0,0,0,0,0,100,100,100,100,99.9
0,d_19411201,0,0,0,0,0,0,100,100,100,100,100
0,d_19420101,0,0,0,0,0,0,100,99.9,94.1,75.6,21.2
0,d_19420201,0,0,0,0,0,0,100,98.9,79.8,47.2,1.6
0,d_19420301,0,0,0,0,0,0,100,95.2,38.4,0,0
5.5,d_19420401,0,0,0,0,0,0,94.5,78.3,11.6,0,0
10.4,d_19420501,0,0,0,0,0,0,89.5,67,5.5,0,0
12.7,d_19420601,0,0,0,0,0,0,87.3,55.8,1.6,0,0
60.4,d_19420701,39.6,9.6,0,0,0,0,0,0,0,0,0
58.1,d_19420801,41.9,9.8,0,0,0,0,0,0,0,0,0
0,d_19420901,100,100,77.8,8.3,0,0,0,0,0,0,0
0,d_19421001,99.9,99.8,7.1,0,0,0,0,0,0,0,0
0.2,d_19421101,99.8,44.7,0,0,0,0,0,0,0,0,0
0.4,d_19421201,99.7,71.5,8.3,0.3,0,0,0,0,0,0,0
0,d_19430101,100,95.2,36,5.2,0,0,0,0,0,0,0
2.9,d_19430201,97.2,73.9,5.7,0,0,0,0,0,0,0,0
89.4,d_19430301,10.6,0,0,0,0,0,0,0,0,0,0
88.3,d_19430401,10.4,0,0,0,0,0,1.4,0,0,0,0
87,d_19430501,13,0,0,0,0,0,0,0,0,0,0
100,d_19430601,0,0,0,0,0,0,0,0,0,0,0
99.9,d_19430701,0.1,0,0,0,0,0,0,0,0,0,0
90.4,d_19430801,9.6,0,0,0,0,0,0,0,0,0,0
87.8,d_19430901,0.2,0,0,0,0,0,12,0,0,0,0
93.7,d_19431001,0.2,0,0,0,0,0,6.1,0,0,0,0
91.7,d_19431101,1.5,0,0,0,0,0,6.8,0,0,0,0
40.1,d_19431201,50.8,10.5,0,0,0,0,9.1,3.1,0,0,0
93.5,d_19440101,0,0,0,0,0,0,6.5,0,0,0,0
42.8,d_19440201,0,0,0,0,0,0,57.3,9.5,0,0,0
7.8,d_19440301,0,0,0,0,0,0,92.2,14.4,0,0,0
0,d_19440401,0,0,0,0,0,0,100,96.2,0,0,0
0,d_19440501,0,0,0,0,0,0,100,84.3,0,0,0
0,d_19440601,0,0,0,0,0,0,100,74.2,0,0,0
15.1,d_19440701,0,0,0,0,0,0,84.9,0.9,0,0,0
93.6,d_19440801,0,0,0,0,0,0,6.4,0,0,0,0
91.1,d_19440901,8.9,0,0,0,0,0,0,0,0,0,0
0.9,d_19441001,99,89.5,7.2,0,0,0,0,0,0,0,0
10.1,d_19441101,89.9,29.6,0,0,0,0,0,0,0,0,0
0,d_19441201,100,98.2,65.3,4.1,0,0,0,0,0,0,0
0,d_19450101,100,100,96.5,72.9,10.3,0,0,0,0,0,0
0,d_19450201,100,100,97.3,55.5,12.4,0,0,0,0,0,0
10.5,d_19450301,89.5,56.6,15.8,7.3,0,0,0,0,0,0,0
53,d_19450401,47.1,19.9,0,0,0,0,0,0,0,0,0
73.4,d_19450501,26.6,9.7,0,0,0,0,0,0,0,0,0
91,d_19450601,3.5,0,0,0,0,0,5.5,0,0,0,0
41.4,d_19450701,0,0,0,0,0,0,58.6,10.6,0,0,0
78.2,d_19450801,0,0,0,0,0,0,21.8,14.7,1,0,0
81.1,d_19450901,0.9,0,0,0,0,0,18,11.7,0,0,0
67.4,d_19451001,0,0,0,0,0,0,32.5,23.5,14.1,8.3,0
70.7,d_19451101,0,0,0,0,0,0,29.4,21.5,11.9,5.4,0
80.7,d_19451201,0,0,0,0,0,0,19.3,14.3,4.2,0,0
73.6,d_19460101,8.6,0,0,0,0,0,17.8,13.1,0.9,0,0
52.6,d_19460201,33.9,3.6,0,0,0,0,13.6,8.4,0,0,0
25.4,d_19460301,63.9,16.5,0,0,0,0,10.7,1.2,0,0,0
27.5,d_19460401,62.5,1.6,0,0,0,0,10,1.3,0,0,0
29.3,d_19460501,70.7,16.2,0,0,0,0,0,0,0,0,0
37.1,d_19460601,62.8,8.6,0,0,0,0,0,0,0,0,0
7.2,d_19460701,92.7,77.7,39.4,0,0,0,0,0,0,0,0
17.4,d_19460801,82.6,39.3,0,0,0,0,0,0,0,0,0
0,d_19460901,100,83,10.5,0.9,0,0,0,0,0,0,0
63.1,d_19461001,0,0,0,0,0,0,36.9,9.9,0,0,0
0,d_19461101,0,0,0,0,0,0,100,100,71.4,22.8,0
0,d_19461201,0,0,0,0,0,0,100,100,94.3,63.9,14.6
0,d_19470101,0,0,0,0,0,0,100,100,69,29.8,0.2
1.9,d_19470201,0,0,0,0,0,0,98.1,82.2,26.1,0,0
17.5,d_19470301,0,0,0,0,0,0,82.5,55.7,0.8,0,0
18.4,d_19470401,0,0,0,0,0,0,81.6,63.3,6.6,0,0
11.4,d_19470501,0,0,0,0,0,0,88.6,75.1,8.8,0,0
0.5,d_19470601,0,0,0,0,0,0,99.5,89.7,68.5,34.3,4.5
82.4,d_19470701,1.9,0,0,0,0,0,15.7,0.7,0,0,0
56.4,d_19470801,43.5,15.4,0,0,0,0,0,0,0,0,0
23,d_19470901,76.9,59.3,23.8,4.2,0,0,0,0,0,0,0
54.4,d_19471001,44.7,27.5,4.8,0,0,0,0.9,0,0,0,0
50.9,d_19471101,25.1,14,0,0,0,0,24,0,0,0,0
17,d_19471201,0,0,0,0,0,0,83,64.5,20.5,0,0
44.8,d_19480101,0,0,0,0,0,0,55.2,32.1,0,0,0
44.3,d_19480201,0.2,0,0,0,0,0,55.5,33.6,0,0,0
51.4,d_19480301,0,0,0,0,0,0,48.6,12.9,0,0,0
38.6,d_19480401,0,0,0,0,0,0,61.4,43.6,0,0,0
85.1,d_19480501,1.1,0,0,0,0,0,13.9,0,0,0,0
25.3,d_19480601,0,0,0,0,0,0,74.7,46.9,0,0,0
90.1,d_19480701,0,0,0,0,0,0,9.9,0.4,0,0,0
96,d_19480801,0,0,0,0,0,0,4,0,0,0,0
8.1,d_19480901,91.9,50.7,0,0,0,0,0,0,0,0,0
36.5,d_19481001,63.5,8.8,0,0,0,0,0,0,0,0,0
0,d_19481101,100,99,28.8,0,0,0,0,0,0,0,0
0,d_19481201,99.9,90.1,47.2,19.8,0,0,0,0,0,0,0
67.5,d_19490101,30.7,7.9,0,0,0,0,1.8,0,0,0,0
67.6,d_19490201,3.6,0,0,0,0,0,28.8,13.2,0,0,0
86.6,d_19490301,7.5,2.1,0,0,0,0,5.9,0,0,0,0
62.8,d_19490401,2.1,0.2,0,0,0,0,35,1.7,0,0,0
40.3,d_19490501,0.4,0,0,0,0,0,59.2,27.1,0,0,0
1.3,d_19490601,0,0,0,0,0,0,98.7,93.2,46.6,10.2,0
1.7,d_19490701,0,0,0,0,0,0,98.4,91.2,41.7,16.5,0
2.2,d_19490801,0,0,0,0,0,0,97.9,84.6,39.2,7.1,0
16.2,d_19490901,0,0,0,0,0,0,83.8,56.9,0.2,0,0
100,d_19491001,0,0,0,0,0,0,0,0,0,0,0
70.7,d_19491101,29.3,0,0,0,0,0,0,0,0,0,0
78.3,d_19491201,19.3,0,0,0,0,0,2.4,0,0,0,0
95.4,d_19500101,0,0,0,0,0,0,4.6,0.5,0,0,0
36.6,d_19500201,63.4,8.8,0,0,0,0,0,0,0,0,0
2.4,d_19500301,97.5,89.7,42.1,25.9,0,0,0,0,0,0,0
1.3,d_19500401,98.8,91.8,47.9,27.8,0,0,0,0,0,0,0
8.6,d_19500501,91.4,73.5,28.2,0.5,0,0,0,0,0,0,0
3.9,d_19500601,96,83.2,38.2,11.7,0,0,0,0,0,0,0
14.5,d_19500701,85.5,54.8,17.2,0,0,0,0,0,0,0,0
5.1,d_19500801,94.9,71.7,37.9,21.8,0,0,0,0,0,0,0
0,d_19500901,100,100,66.2,46.2,12.6,0,0,0,0,0,0
0,d_19501001,100,100,100,100,84.5,0,0,0,0,0,0
0,d_19501101,100,100,100,98.2,60.7,0,0,0,0,0,0
0,d_19501201,100,100,100,98.7,81.1,0,0,0,0,0,0
0,d_19510101,100,100,98.7,87.4,55.5,0,0,0,0,0,0
0,d_19510201,100,100,98.5,91.1,73.8,0,0,0,0,0,0
0,d_19510301,100.1,100.1,100.1,94,68.7,0,0,0,0,0,0
0,d_19510401,100,100,100,99.9,4.9,0,0,0,0,0,0
0,d_19510501,100,93.6,2.6,0,0,0,0,0,0,0,0
0,d_19510601,100,100,12.7,0,0,0,0,0,0,0,0
6.3,d_19510701,93.7,64.2,0,0,0,0,0,0,0,0,0
34.6,d_19510801,65.4,10.4,0,0,0,0,0,0,0,0,0
62.6,d_19510901,37.5,8.1,0,0,0,0,0,0,0,0,0
86.2,d_19511001,13.8,0,0,0,0,0,0,0,0,0,0
87.1,d_19511101,0,0,0,0,0,0,12.9,0,0,0,0
8.5,d_19511201,0,0,0,0,0,0,91.5,43.1,0,0,0
20.6,d_19520101,0,0,0,0,0,0,79.3,36.2,0,0,0
83.6,d_19520201,3,0,0,0,0,0,13.4,0,0,0,0
24.2,d_19520301,0,0,0,0,0,0,75.7,25.4,0,0,0
15.9,d_19520401,0,0,0,0,0,0,84,47.5,0.1,0,0
27,d_19520501,0,0,0,0,0,0,72.9,12.7,0,0,0
4.8,d_19520601,0,0,0,0,0,0,95.2,58.5,0,0,0
4.9,d_19520701,0,0,0,0,0,0,95,30.5,0,0,0
50.3,d_19520801,0,0,0,0,0,0,49.7,24.6,0,0,0
86.8,d_19520901,0,0,0,0,0,0,13.2,0,0,0,0
43.6,d_19521001,56.3,26.4,0,0,0,0,0,0,0,0,0
57.7,d_19521101,42.3,21.9,0,0,0,0,0,0,0,0,0
24.9,d_19521201,75,59,26.3,0.4,0,0,0,0,0,0,0
6.3,d_19530101,93.7,81,62,49.1,30.8,0,0,0,0,0,0
6.5,d_19530201,93.6,77.8,58.9,46.7,32.5,0,0,0,0,0,0
0,d_19530301,100,99.8,70.9,49.6,29.6,0,0,0,0,0,0
0,d_19530401,99.9,99.9,79.6,52.1,26.7,0,0,0,0,0,0
0,d_19530501,100,100,87.3,64.6,27.6,0,0,0,0,0,0
0,d_19530601,100.1,100.1,90.8,54.8,25.3,0,0,0,0,0,0
20.6,d_19530701,79.4,53.7,15.6,3.1,0,0,0,0,0,0,0
26,d_19530801,74,46.7,20.1,1.6,0,0,0,0,0,0,0
4.9,d_19530901,95.1,82.8,44.5,23.6,0,0,0,0,0,0,0
30.5,d_19531001,69.5,46.3,12.3,0,0,0,0,0,0,0,0
35.3,d_19531101,64.7,34.4,1.7,0,0,0,0,0,0,0,0
35.7,d_19531201,64.3,43.6,9.8,0,0,0,0,0,0,0,0
75.2,d_19540101,24.8,11.3,0,0,0,0,0,0,0,0,0
63.7,d_19540201,36.3,15.8,0,0,0,0,0,0,0,0,0
100,d_19540301,0,0,0,0,0,0,0,0,0,0,0
15.2,d_19540401,84.7,18.7,0,0,0,0,0,0,0,0,0
49.3,d_19540501,50.7,4.6,0,0,0,0,0,0,0,0,0
100,d_19540601,0,0,0,0,0,0,0,0,0,0,0
86.4,d_19540701,13.6,0,0,0,0,0,0,0,0,0,0
92,d_19540801,8,0,0,0,0,0,0,0,0,0,0
100,d_19540901,0,0,0,0,0,0,0,0,0,0,0
17.8,d_19541001,82.2,28.5,0,0,0,0,0,0,0,0,0
74.8,d_19541101,25.2,3,0,0,0,0,0,0,0,0,0
35.7,d_19541201,64.3,20.1,0,0,0,0,0,0,0,0,0
66.3,d_19550101,33.6,4.9,0,0,0,0,0,0,0,0,0
38.1,d_19550201,61.9,12.7,0,0,0,0,0,0,0,0,0
0.1,d_19550301,99.9,95.7,36.9,1,0,0,0,0,0,0,0
0,d_19550401,99.9,99.9,88.6,51.5,9.9,0,0,0,0,0,0
0,d_19550501,100.1,99.8,80.8,41.2,0,0,0,0,0,0,0
0,d_19550601,100.1,100.1,98.1,76.5,18,0,0,0,0,0,0
0,d_19550701,100,100,62.7,4.7,0,0,0,0,0,0,0
85.1,d_19550801,14,6.4,0,0,0,0,0.8,0,0,0,0
50.3,d_19550901,49.7,17.6,0,0,0,0,0,0,0,0,0
19.8,d_19551001,80.1,58.5,21.1,10.4,1.1,0,0,0,0,0,0
21.8,d_19551101,78.2,59.9,13.5,1,0,0,0,0,0,0,0
39.7,d_19551201,60.3,35.4,0,0,0,0,0,0,0,0,0
94.3,d_19560101,5.6,0,0,0,0,0,0.1,0,0,0,0
98.5,d_19560201,1.5,0,0,0,0,0,0,0,0,0,0
46.8,d_19560301,53.2,7.8,0,0,0,0,0,0,0,0,0
32.9,d_19560401,67.1,38.6,0,0,0,0,0,0,0,0,0
0,d_19560501,100,100,90,69.6,4.2,0,0,0,0,0,0
0,d_19560601,100,92.9,69.2,17,0,0,0,0,0,0,0
9.9,d_19560701,90.1,63.7,34.8,6.6,0,0,0,0,0,0,0
0,d_19560801,100,100,81.4,56.8,17.8,0,0,0,0,0,0
0,d_19560901,99.9,99.9,97.3,67.1,24.2,0,0,0,0,0,0
0,d_19561001,100,100,100,100,91.5,0,0,0,0,0,0
0,d_19561101,100,100,100,100,100,0,0,0,0,0,0
0,d_19561201,100,100,100,100,94.4,0,0,0,0,0,0
0,d_19570101,100,99.8,39,9.4,0.6,0,0,0,0,0,0
0,d_19570201,100,100,98,76.8,20.9,0,0,0,0,0,0
0.1,d_19570301,99.9,99.7,95.8,67.9,7.8,0,0,0,0,0,0
2.3,d_19570401,97.7,93.3,71.2,43.3,0,0,0,0,0,0,0
36.6,d_19570501,60.9,8.2,0,0,0,0,2.5,0.3,0,0,0
88.7,d_19570601,0,0,0,0,0,0,11.3,4.5,0,0,0
86.2,d_19570701,0,0,0,0,0,0,13.9,6.4,0.6,0,0
70.4,d_19570801,0,0,0,0,0,0,29.6,12,1.8,0.2,0
74,d_19570901,0,0,0,0,0,0,26,8.7,0.9,0.1,0
78.1,d_19571001,3.4,0,0,0,0,0,18.6,9.1,2.3,0.3,0
18.8,d_19571101,0,0,0,0,0,0,81.2,56.5,18.4,7.9,0.3
19.4,d_19571201,0,0,0,0,0,0,80.6,63.8,14.5,5.3,0
30.4,d_19580101,0,0,0,0,0,0,69.6,43.8,4.5,0.1,0
56.1,d_19580201,1,0,0,0,0,0,42.8,15,0,0,0
30.4,d_19580301,0,0,0,0,0,0,69.6,24.7,0.9,0,0
29,d_19580401,0,0,0,0,0,0,71,32.1,0.3,0,0
2.7,d_19580501,0,0,0,0,0,0,97.3,60.8,2.6,0,0
0,d_19580601,0,0,0,0,0,0,99.9,76.4,21.8,0,0
71.5,d_19580701,0,0,0,0,0,0,28.5,1.8,0,0,0
63.3,d_19580801,36.7,1.6,0,0,0,0,0,0,0,0,0
96.8,d_19580901,0.9,0,0,0,0,0,2.3,0,0,0,0
58.2,d_19581001,39.6,1.8,0,0,0,0,2.1,0.1,0,0,0
51.7,d_19581101,47.7,22.2,0,0,0,0,0.5,0,0,0,0
0.1,d_19581201,99.9,98.7,73.8,52.7,6.5,0,0,0,0,0,0
0,d_19590101,100,100,97.6,80.7,31.6,0,0,0,0,0,0
0,d_19590201,100,99.6,82.7,52.9,4.6,0,0,0,0,0,0
0,d_19590301,100,100,90.8,60.5,6.7,0,0,0,0,0,0
0,d_19590401,100,100,78.5,37.1,0.2,0,0,0,0,0,0
0,d_19590501,100,100,89.1,42.2,0.8,0,0,0,0,0,0
0,d_19590601,100,100,88.5,70.4,51.1,0,0,0,0,0,0
0,d_19590701,100,100,81.9,68.8,44.2,0,0,0,0,0,0
0,d_19590801,100,100,100,81.9,34.3,0,0,0,0,0,0
0,d_19590901,100.1,100.1,87.5,58.7,6.8,0,0,0,0,0,0
0,d_19591001,100,100,94.9,62.8,8.7,0,0,0,0,0,0
0,d_19591101,100,100,100,100,99.4,0,0,0,0,0,0
0,d_19591201,100,100,85.2,54.2,21.1,0,0,0,0,0,0
0,d_19600101,100,99.7,60.9,44.1,15,0,0,0,0,0,0
0,d_19600201,100,98.8,54.3,37,5.5,0,0,0,0,0,0
0,d_19600301,100,100,53.9,22.1,1.1,0,0,0,0,0,0
0,d_19600401,99.9,99.8,45.9,11.2,0.8,0,0,0,0,0,0
0,d_19600501,100.1,100.1,67.4,45,14,0,0,0,0,0,0
0,d_19600601,100,97.7,54.5,42.7,14.9,0,0,0,0,0,0
0,d_19600701,100,99.1,61.2,47.6,24,0,0,0,0,0,0
0,d_19600801,100,99.1,83.4,65.2,49,0,0,0,0,0,0
0,d_19600901,100,100,96.5,78.5,56.3,0,0,0,0,0,0
0,d_19601001,100,99.7,58.2,27.2,2.8,0,0,0,0,0,0
22,d_19601101,78.1,46,14.7,2.6,0,0,0,0,0,0,0
13.8,d_19601201,86.1,49.5,7.9,0,0,0,0,0,0,0,0
10.1,d_19610101,90,59.9,3.4,0,0,0,0,0,0,0,0
0.8,d_19610201,99.2,82.9,12.9,0.2,0,0,0,0,0,0,0
51.3,d_19610301,48.3,18.5,0,0,0,0,0.4,0,0,0,0
87.8,d_19610401,4.9,0,0,0,0,0,7.2,0,0,0,0
58.8,d_19610501,0.7,0,0,0,0,0,40.6,12.4,0,0,0
56.4,d_19610601,22.3,0.2,0,0,0,0,21.3,5.6,0,0,0
54.6,d_19610701,32.3,15.4,0,0,0,0,13.1,0,0,0,0
39.9,d_19610801,26,14.4,0,0,0,0,34.2,17.5,0,0,0
35.7,d_19610901,4,0,0,0,0,0,60.3,36.1,3,0,0
46.3,d_19611001,6.2,0.8,0,0,0,0,47.5,28.8,1.6,0,0
42.1,d_19611101,0,0,0,0,0,0,58,44.4,11.6,0,0
88.6,d_19611201,0.8,0,0,0,0,0,10.6,0,0,0,0
91.7,d_19620101,6.1,0,0,0,0,0,2.2,0,0,0,0
19.6,d_19620201,0,0,0,0,0,0,80.3,44.3,0,0,0
13.5,d_19620301,0,0,0,0,0,0,86.5,63.3,0,0,0
40.2,d_19620401,0,0,0,0,0,0,59.8,25.4,0,0,0
70.1,d_19620501,6.9,0.1,0,0,0,0,23,0,0,0,0
82.3,d_19620601,8.7,0,0,0,0,0,9,0,0,0,0
84.9,d_19620701,9.6,1.6,0,0,0,0,5.6,0,0,0,0
53.8,d_19620801,46.2,19,0,0,0,0,0,0,0,0,0
76.1,d_19620901,21.9,7.3,0,0,0,0,2.1,0,0,0,0
83.1,d_19621001,16.2,3.7,0,0,0,0,0.7,0,0,0,0
1.7,d_19621101,98.1,77.4,37.5,5.3,0.1,0,0,0,0,0,0
0,d_19621201,100,100,55.9,29.9,0.3,0,0,0,0,0,0
0,d_19630101,99.9,99.9,68.4,37.5,6.5,0,0,0,0,0,0
0,d_19630201,100.1,99.5,74.3,43.9,0.7,0,0,0,0,0,0
0,d_19630301,100,100,93.4,63.8,15.5,0,0,0,0,0,0
0,d_19630401,100,96.4,41.1,0,0,0,0,0,0,0,0
0,d_19630501,100,86,2.6,0,0,0,0,0,0,0,0
0,d_19630601,100,98.6,29.1,0,0,0,0,0,0,0,0
0,d_19630701,100,100,86.3,50.5,8.2,0,0,0,0,0,0
43.6,d_19630801,56.5,30.2,0,0,0,0,0,0,0,0,0
100,d_19630901,0,0,0,0,0,0,0,0,0,0,0
100,d_19631001,0,0,0,0,0,0,0,0,0,0,0
64.6,d_19631101,0,0,0,0,0,0,35.4,0.3,0,0,0
72.1,d_19631201,0,0,0,0,0,0,27.9,1.5,0,0,0
92,d_19640101,6.9,0,0,0,0,0,1.1,0,0,0,0
85,d_19640201,13.4,0.9,0,0,0,0,1.5,0,0,0,0
80.4,d_19640301,19.5,1.5,0,0,0,0,0,0,0,0,0
81.3,d_19640401,0,0,0,0,0,0,18.7,0.1,0,0,0
81.6,d_19640501,18.4,2.4,0,0,0,0,0,0,0,0,0
20,d_19640601,80,13.8,0,0,0,0,0,0,0,0,0
3.3,d_19640701,96.7,56.8,0,0,0,0,0,0,0,0,0
0,d_19640801,100,100,64.1,15.1,0,0,0,0,0,0,0
0,d_19640901,100,91.1,22.6,0,0,0,0,0,0,0,0
0,d_19641001,100,100,51.5,3.4,0,0,0,0,0,0,0
24.7,d_19641101,75.3,44.5,0,0,0,0,0,0,0,0,0
26.6,d_19641201,73.4,44.9,0,0,0,0,0,0,0,0,0
0.4,d_19650101,99.7,89.6,45.2,22.5,0,0,0,0,0,0,0
15.4,d_19650201,84.6,63.3,46,39.3,3,0,0,0,0,0,0
31.6,d_19650301,68.5,56.1,44.2,37.3,0,0,0,0,0,0,0
47.3,d_19650401,38.4,4.6,0,0,0,0,14.4,0,0,0,0
70.4,d_19650501,0,0,0,0,0,0,29.6,12,0,0,0
65.6,d_19650601,0,0,0,0,0,0,34.4,18.6,0,0,0
42.5,d_19650701,0,0,0,0,0,0,57.6,41.2,15.6,5.2,0
51.1,d_19650801,0,0,0,0,0,0,48.9,37,16.8,4.6,0
45,d_19650901,0,0,0,0,0,0,55.1,43.1,25.5,7,0
52.2,d_19651001,0,0,0,0,0,0,47.7,36.8,17.4,1.1,0
6,d_19651101,0,0,0,0,0,0,94.1,56.4,23.6,14,2
0,d_19651201,0,0,0,0,0,0,100,98.4,74.3,36.6,15.7
13.2,d_19660101,0,0,0,0,0,0,86.8,49.7,16.4,7.3,0
70.4,d_19660201,0,0,0,0,0,0,29.5,14.6,0.2,0,0
98.2,d_19660301,0.1,0,0,0,0,0,1.7,0,0,0,0
88,d_19660401,12,0,0,0,0,0,0,0,0,0,0
66.2,d_19660501,33.8,0,0,0,0,0,0,0,0,0,0
28,d_19660601,72,33.4,0,0,0,0,0,0,0,0,0
50.4,d_19660701,49.6,2.5,0,0,0,0,0,0,0,0,0
2,d_19660801,97.9,79.5,3.9,0,0,0,0,0,0,0,0
0,d_19660901,100,100,100,83.2,17.7,0,0,0,0,0,0
0,d_19661001,100,100,100,78.4,1.8,0,0,0,0,0,0
0,d_19661101,100,100,88,59.5,23.7,0,0,0,0,0,0
71.2,d_19661201,28.8,2.8,0,0,0,0,0,0,0,0,0
95.5,d_19670101,4,0,0,0,0,0,0.5,0.1,0,0,0
79,d_19670201,20.9,0,0,0,0,0,0.1,0,0,0,0
71,d_19670301,29,0,0,0,0,0,0,0,0,0,0
99.9,d_19670401,0,0,0,0,0,0,0.1,0,0,0,0
98.9,d_19670501,0,0,0,0,0,0,1.1,0,0,0,0
69.9,d_19670601,0,0,0,0,0,0,30.1,4.6,0,0,0
3.7,d_19670701,0,0,0,0,0,0,96.2,72.5,0.1,0,0
0.5,d_19670801,0,0,0,0,0,0,99.5,89.6,1.6,0,0
0,d_19670901,0,0,0,0,0,0,100,80.7,40.1,7.4,0.1
25.3,d_19671001,0,0,0,0,0,0,74.7,63.6,8.3,0.7,0
0,d_19671101,0,0,0,0,0,0,100,83.6,54.5,25.1,0.9
0,d_19671201,0,0,0,0,0,0,99.9,99.9,73.6,61.3,27.1
0.3,d_19680101,0,0,0,0,0,0,99.8,85.3,65.7,32.7,4.2
0.1,d_19680201,0,0,0,0,0,0,100,83,40.5,9.4,0.3
25.8,d_19680301,0,0,0,0,0,0,74.1,41.6,1.3,0,0
38.5,d_19680401,0,0,0,0,0,0,61.5,16.2,0,0,0
51,d_19680501,0,0,0,0,0,0,49.1,10.9,2,0,0
58.1,d_19680601,41.9,0,0,0,0,0,0,0,0,0,0
93.4,d_19680701,0,0,0,0,0,0,6.6,1.7,0,0,0
85,d_19680801,0,0,0,0,0,0,15,3.1,0,0,0
88.4,d_19680901,10.6,0,0,0,0,0,1,0,0,0,0
77.9,d_19681001,20,0.4,0,0,0,0,2.1,0.2,0,0,0
57.2,d_19681101,42.2,13.6,0,0,0,0,0.7,0,0,0,0
73,d_19681201,26,11.2,0,0,0,0,1,0,0,0,0
88.4,d_19690101,0,0,0,0,0,0,11.6,0.2,0,0,0
37.6,d_19690201,0,0,0,0,0,0,62.3,43.6,15.6,2.9,0
41,d_19690301,0,0,0,0,0,0,59,23,0.3,0,0
79.8,d_19690401,0,0,0,0,0,0,20.2,1.8,0,0,0
69.2,d_19690501,7.7,0,0,0,0,0,23.1,4,0,0,0
34.7,d_19690601,0,0,0,0,0,0,65.3,39.1,6.6,0,0
0,d_19690701,0,0,0,0,0,0,100,98.8,44.4,33.2,12.4
0,d_19690801,0,0,0,0,0,0,100.1,97.3,50.4,37.7,5
2.3,d_19690901,0,0,0,0,0,0,97.7,79.7,46.2,35.1,0.2
25.6,d_19691001,0,0,0,0,0,0,74.4,37.7,18.5,1.2,0
71.6,d_19691101,0,0,0,0,0,0,28.4,10.3,0,0,0
74.6,d_19691201,2,0,0,0,0,0,23.4,11.3,0,0,0
75.2,d_19700101,7.9,1.5,0,0,0,0,16.9,4.6,0,0,0
79.9,d_19700201,10.3,1.7,0,0,0,0,9.9,0,0,0,0
64.3,d_19700301,35.7,0.7,0,0,0,0,0,0,0,0,0
0.5,d_19700401,99.5,85.6,8.6,0,0,0,0,0,0,0,0
0,d_19700501,100.1,94.2,24.7,7.4,0,0,0,0,0,0,0
4.7,d_19700601,95.4,62.5,9.8,0.5,0,0,0,0,0,0,0
99.2,d_19700701,0.8,0,0,0,0,0,0,0,0,0,0
48.2,d_19700801,0,0,0,0,0,0,51.8,1.6,0,0,0
39.1,d_19700901,0,0,0,0,0,0,61,6.2,0,0,0
53.8,d_19701001,0,0,0,0,0,0,46.2,0,0,0,0
1.1,d_19701101,0,0,0,0,0,0,98.9,82.7,1,0,0
5.2,d_19701201,0,0,0,0,0,0,94.8,63.9,0,0,0
24.3,d_19710101,0,0,0,0,0,0,75.7,32,0,0,0
3.1,d_19710201,0,0,0,0,0,0,97,80.2,15.7,1.8,0
72.6,d_19710301,0,0,0,0,0,0,27.4,5.2,0,0,0
81.4,d_19710401,18.6,1.6,0,0,0,0,0,0,0,0,0
54.9,d_19710501,45.1,33.6,0,0,0,0,0,0,0,0,0
48.3,d_19710601,51.7,31.6,0,0,0,0,0,0,0,0,0
54.5,d_19710701,45.5,2.9,0,0,0,0,0,0,0,0,0
86,d_19710801,14,1.2,0,0,0,0,0,0,0,0,0
61.5,d_19710901,38.6,6.8,0.1,0,0,0,0,0,0,0,0
74.8,d_19711001,0,0,0,0,0,0,25.2,0.5,0,0,0
99.9,d_19711101,0,0,0,0,0,0,0.1,0,0,0,0
0,d_19711201,0,0,0,0,0,0,99.9,93.5,2.5,0,0
21.6,d_19720101,0,0,0,0,0,0,78.4,25.3,0,0,0
92,d_19720201,8,0,0,0,0,0,0,0,0,0,0
57,d_19720301,43,12.3,0,0,0,0,0,0,0,0,0
62.8,d_19720401,37.2,9.3,0,0,0,0,0,0,0,0,0
0,d_19720501,100,99.8,64.9,16.4,0,0,0,0,0,0,0
8.7,d_19720601,91.3,65.4,2.4,0,0,0,0,0,0,0,0
0,d_19720701,99.9,99.9,96.2,93.4,68.6,0,0,0,0,0,0
0,d_19720801,99.9,99.9,87.4,56.9,23.8,0,0,0,0,0,0
0,d_19720901,100,100,94.7,73.1,16.5,0,0,0,0,0,0
67.4,d_19721001,32.7,12.5,0,0,0,0,0,0,0,0,0
37.2,d_19721101,0,0,0,0,0,0,62.8,34.9,0,0,0
2.6,d_19721201,0,0,0,0,0,0,97.5,84.1,60.8,23,0
0.6,d_19730101,0,0,0,0,0,0,99.4,85.5,67.2,38,0.2
0,d_19730201,0,0,0,0,0,0,100,100,77.6,65.5,11.5
0,d_19730301,0,0,0,0,0,0,100.1,100.1,78.8,59.8,3.2
0,d_19730401,0,0,0,0,0,0,100.1,100.1,94.4,80.2,63.9
0,d_19730501,0,0,0,0,0,0,99.9,99.9,89.2,78.3,65.3
0,d_19730601,0,0,0,0,0,0,100,100,100,84.9,59.5
0,d_19730701,0,0,0,0,0,0,100,100,78.8,40,10.1
10.1,d_19730801,0,0,0,0,0,0,89.9,59.8,24.9,8.2,0
52.6,d_19730901,0,0,0,0,0,0,47.4,22.8,2,0,0
59,d_19731001,0,0,0,0,0,0,41,16.5,0,0,0
54.1,d_19731101,0,0,0,0,0,0,45.9,26.2,4.4,0,0
49,d_19731201,30.9,8.7,0,0,0,0,20.1,7.5,0,0,0
52.5,d_19740101,22.4,4.6,0,0,0,0,25.2,12.6,0,0,0
46.7,d_19740201,52.4,36.6,0,0,0,0,1,0,0,0,0
12.1,d_19740301,88,70.1,33,16.2,0,0,0,0,0,0,0
21.7,d_19740401,78.4,61.3,34,22.6,1.3,0,0,0,0,0,0
7.8,d_19740501,92.2,67.4,35.1,21.4,2.9,0,0,0,0,0,0
12.8,d_19740601,87.2,60.8,29.6,13.1,0,0,0,0,0,0,0
25.2,d_19740701,74.8,57.3,23.3,0.1,0,0,0,0,0,0,0
0,d_19740801,99.8,92,63.6,46.9,8,0,0,0,0,0,0
0,d_19740901,100.1,98.9,71.5,46.2,0,0,0,0,0,0,0
0,d_19741001,99.9,99.9,99.4,87.2,15.7,0,0,0,0,0,0
0,d_19741101,100,100,83.4,7.4,0,0,0,0,0,0,0
0,d_19741201,100,99.8,71.9,4.9,0,0,0,0,0,0,0
0,d_19750101,100,100,80,43,0.2,0,0,0,0,0,0
0,d_19750201,100,100,52.3,7.3,0,0,0,0,0,0,0
18.3,d_19750301,81.7,39.3,0,0,0,0,0,0,0,0,0
7.2,d_19750401,92.9,30,0.6,0,0,0,0,0,0,0,0
99.7,d_19750501,0.3,0,0,0,0,0,0,0,0,0,0
99.9,d_19750601,0.1,0,0,0,0,0,0,0,0,0,0
57.5,d_19750701,0,0,0,0,0,0,42.5,17.1,0,0,0
61.9,d_19750801,0,0,0,0,0,0,38.1,4.8,0,0,0
59.4,d_19750901,0,0,0,0,0,0,40.6,1.8,0,0,0
55.3,d_19751001,0,0,0,0,0,0,44.7,0,0,0,0
32.9,d_19751101,0,0,0,0,0,0,67.1,0,0,0,0
98.6,d_19751201,0,0,0,0,0,0,1.4,0,0,0,0
78.1,d_19760101,21.9,8.3,0,0,0,0,0,0,0,0,0
97.1,d_19760201,2.9,0,0,0,0,0,0,0,0,0,0
72.9,d_19760301,27,0.6,0,0,0,0,0,0,0,0,0
12.3,d_19760401,87.7,67,29.1,10.5,0,0,0,0,0,0,0
9.2,d_19760501,90.7,75.1,37.8,18.6,0,0,0,0,0,0,0
9,d_19760601,90.8,76.9,39.3,18.4,0,0,0,0,0,0,0
25.6,d_19760701,74.4,39.4,2.4,0,0,0,0,0,0,0,0
5.9,d_19760801,94.1,80.9,22.6,4.6,0,0,0,0,0,0,0
25.4,d_19760901,74.6,53.8,16.8,0.8,0,0,0,0,0,0,0
46.7,d_19761001,43.8,21.3,0,0,0,0,9.5,2.8,0,0,0
11.3,d_19761101,88.6,73.7,41.3,14.6,0,0,0,0,0,0,0
9.4,d_19761201,90.7,82.1,50.2,31,0,0,0,0,0,0,0
1.9,d_19770101,98,93.8,75.6,56,31.1,0,0,0,0,0,0
0,d_19770201,100.1,99.9,94,71.1,42.1,0,0,0,0,0,0
0,d_19770301,100,99.7,88.6,59.2,22.3,0,0,0,0,0,0
0,d_19770401,99.9,99.9,99.9,99.1,89.6,0,0,0,0,0,0
7.9,d_19770501,92.1,71.2,53,33.6,6,0,0,0,0,0,0
2.8,d_19770601,97.3,84.3,44.7,22.2,3.4,0,0,0,0,0,0
0,d_19770701,100,98,70,20.9,3.9,0,0,0,0,0,0
2.8,d_19770801,97.1,75,20.8,7.5,0,0,0,0,0,0,0
17.5,d_19770901,82.5,33.9,9.3,0.4,0,0,0,0,0,0,0
19.3,d_19771001,80.7,43,3.8,0,0,0,0,0,0,0,0
44.2,d_19771101,55.8,18.4,0,0,0,0,0,0,0,0,0
66.2,d_19771201,32.1,12.7,0,0,0,0,1.7,0,0,0,0
71.5,d_19780101,0,0,0,0,0,0,28.6,11.9,2.6,0.1,0
77.3,d_19780201,4,0,0,0,0,0,18.8,10.3,1.1,0,0
50.5,d_19780301,0,0,0,0,0,0,49.5,28.1,8.1,1.7,0
34.7,d_19780401,0,0,0,0,0,0,65.3,48.4,29.7,13.2,4.4
27.2,d_19780501,0,0,0,0,0,0,72.8,51.6,26.3,10.5,2.1
31.1,d_19780601,0,0,0,0,0,0,68.9,51.5,29.4,11.4,1.4
25.2,d_19780701,0,0,0,0,0,0,75,55.1,39.2,28.6,7.9
33.9,d_19780801,0,0,0,0,0,0,66.1,51.8,35.3,19.2,8.6
5.5,d_19780901,0,0,0,0,0,0,94.7,72.4,45.5,38.1,14.5
34.6,d_19781001,0,0,0,0,0,0,65.4,53.6,40.4,32.4,8.8
5,d_19781101,0,0,0,0,0,0,94.9,77.3,51.2,42.6,31.8
15.8,d_19781201,0,0,0,0,0,0,84.1,64,40.2,26.2,2
14.5,d_19790101,0,0,0,0,0,0,85.5,63.5,32.2,1.8,0
25.7,d_19790201,0,0,0,0,0,0,74.3,55,4.3,0,0
1,d_19790301,0,0,0,0,0,0,99.1,86.8,51.3,8.9,0
2.2,d_19790401,0,0,0,0,0,0,97.7,80.9,29.1,1.6,0
0,d_19790501,0,0,0,0,0,0,100,100,68.4,29.1,0.6
0,d_19790601,0,0,0,0,0,0,100,83.9,26.4,10.4,0
1.8,d_19790701,0,0,0,0,0,0,98.2,62.6,21.8,9.3,0.1
73,d_19790801,0,0,0,0,0,0,27.1,13.3,0.7,0,0
68.3,d_19790901,26.6,0.8,0,0,0,0,5.1,0,0,0,0
14.6,d_19791001,85.4,42.7,4,0,0,0,0,0,0,0,0
14.5,d_19791101,85.5,37.1,0.6,0,0,0,0,0,0,0,0
0,d_19791201,100,100,75,54.4,27.1,0,0,0,0,0,0
84.7,d_19800101,10.7,0.2,0,0,0,0,4.6,0,0,0,0
49.7,d_19800201,1,0,0,0,0,0,49.3,16.6,2.3,0,0
31.5,d_19800301,0,0,0,0,0,0,68.5,43.8,4.8,0.7,0
22.4,d_19800401,0,0,0,0,0,0,77.6,55,5.1,0.7,0
1.4,d_19800501,0,0,0,0,0,0,98.6,75.8,13.1,1.8,0
0,d_19800601,0,0,0,0,0,0,100.1,93.9,38.5,5.8,0
0.2,d_19800701,0,0,0,0,0,0,99.8,90.9,61,30.2,1.8
1,d_19800801,0,0,0,0,0,0,98.9,85.6,57.6,28.2,1.1
0,d_19800901,0,0,0,0,0,0,100,100,98,85.7,60.9
0,d_19801001,0,0,0,0,0,0,100,96.4,73.1,19.1,0
16.4,d_19801101,0,0,0,0,0,0,83.6,41.2,0,0,0
72.5,d_19801201,0.5,0,0,0,0,0,27,0,0,0,0
73.5,d_19810101,4.4,0.1,0,0,0,0,22.1,0,0,0,0
59.7,d_19810201,40.3,18.5,3,0.8,0,0,0,0,0,0,0
77.9,d_19810301,3.7,0,0,0,0,0,18.4,0,0,0,0
60.6,d_19810401,1.1,0,0,0,0,0,38.3,2.8,0,0,0
23.4,d_19810501,0,0,0,0,0,0,76.6,47.9,2.2,0,0
91.5,d_19810601,7.9,1.1,0,0,0,0,0.6,0,0,0,0
85.3,d_19810701,14.4,1,0,0,0,0,0.3,0,0,0,0
97.5,d_19810801,0.1,0,0,0,0,0,2.4,0,0,0,0
32.8,d_19810901,0,0,0,0,0,0,67.1,24.5,0,0,0
12.9,d_19811001,0,0,0,0,0,0,87.1,59.5,27.3,0,0
2,d_19811101,0,0,0,0,0,0,97.9,83.2,34.3,8.5,0
35.7,d_19811201,0.3,0,0,0,0,0,64,25.5,0,0,0
33.3,d_19820101,1.3,0,0,0,0,0,65.4,48.7,10.3,0,0
75.9,d_19820201,11.8,3,0,0,0,0,12.3,0,0,0,0
51.6,d_19820301,0.1,0,0,0,0,0,48.4,19,0,0,0
64.5,d_19820401,1.2,0.1,0,0,0,0,34.3,9.6,0,0,0
85.8,d_19820501,1.2,0,0,0,0,0,13.1,1.9,0,0,0
92,d_19820601,2.3,0.1,0,0,0,0,5.6,0,0,0,0
85.1,d_19820701,14.9,0.4,0,0,0,0,0,0,0,0,0
84,d_19820801,7,0,0,0,0,0,9.1,0,0,0,0
6.9,d_19820901,0,0,0,0,0,0,93.1,83.2,11.7,0.4,0
21.2,d_19821001,0,0,0,0,0,0,78.8,47.9,2.4,0.1,0
4.7,d_19821101,0,0,0,0,0,0,95.3,87.1,43.5,7.9,0.4
5,d_19821201,0,0,0,0,0,0,95,86.1,30.9,4.5,0
0.2,d_19830101,0,0,0,0,0,0,99.8,94,55.9,22.6,2.1
1.4,d_19830201,0,0,0,0,0,0,98.6,90.6,54.4,20.3,3.9
0,d_19830301,0,0,0,0,0,0,100,99.8,83.6,45.7,6.6
0,d_19830401,0,0,0,0,0,0,100,100,88.9,72.6,13.9
0,d_19830501,0,0,0,0,0,0,100,100,90.2,46.7,3.1
2.9,d_19830601,0,0,0,0,0,0,97.1,92.5,19.6,5,0
5.2,d_19830701,0.1,0,0,0,0,0,94.6,80,23.8,8.6,0.2
0.7,d_19830801,0,0,0,0,0,0,99.4,96.1,49.9,12,0
0.3,d_19830901,0,0,0,0,0,0,99.7,95.9,29.3,8.9,0.7
0,d_19831001,0,0,0,0,0,0,100,96.3,33.1,8.2,0
0,d_19831101,0,0,0,0,0,0,99.9,99.9,74,59.6,11.9
0,d_19831201,0,0,0,0,0,0,100,76.5,49.7,21.5,8.1
32.2,d_19840101,0,0,0,0,0,0,67.7,52.6,22.5,11.8,5.6
36.2,d_19840201,0,0,0,0,0,0,63.8,48.7,18.4,9.9,5
41.7,d_19840301,0,0,0,0,0,0,58.3,42.9,16.7,10.1,3.9
41,d_19840401,0,0,0,0,0,0,59,44.6,24.4,15,8.8
45.6,d_19840501,27.3,5.7,0,0,0,0,27,17,8.1,3.2,0
38.1,d_19840601,31.2,19,0,0,0,0,30.8,20.9,8.5,3.4,0
38.2,d_19840701,0,0,0,0,0,0,61.7,50.5,30.1,21.9,10.4
40.4,d_19840801,0,0,0,0,0,0,59.7,50.9,37.6,27.8,11
48.8,d_19840901,0,0,0,0,0,0,51.2,41,23.1,10.7,0.6
29.9,d_19841001,0,0,0,0,0,0,70.2,56.8,38.1,27.1,12.8
21.1,d_19841101,0,0,0,0,0,0,79,59.9,35.7,21.1,5.7
0,d_19841201,0,0,0,0,0,0,100.1,95.7,59.6,24.4,7.6
0,d_19850101,0,0,0,0,0,0,100.1,95,37.9,9.7,1.3
0,d_19850201,0,0,0,0,0,0,100,85.8,38.5,16.1,1.6
0,d_19850301,0,0,0,0,0,0,100,95,40.3,14.5,1.3
43.8,d_19850401,0,0,0,0,0,0,56.1,38.8,7.2,0.6,0
87.9,d_19850501,0,0,0,0,0,0,12.1,0,0,0,0
63.7,d_19850601,0,0,0,0,0,0,36.4,13.8,0,0,0
59.1,d_19850701,0,0,0,0,0,0,40.9,24.3,1.4,0.2,0
70.5,d_19850801,12.2,0,0,0,0,0,17.3,2.1,0.2,0,0
59.6,d_19850901,33.7,13.1,0,0,0,0,6.6,0.3,0,0,0
70.2,d_19851001,0.5,0,0,0,0,0,29.3,15.5,0,0,0
11.4,d_19851101,0,0,0,0,0,0,88.7,49.2,7.9,0,0
69.8,d_19851201,0,0,0,0,0,0,30.2,11.6,0,0,0
97.4,d_19860101,0,0,0,0,0,0,2.6,0,0,0,0
97.9,d_19860201,0.2,0,0,0,0,0,1.9,0,0,0,0
96.6,d_19860301,0,0,0,0,0,0,3.4,0,0,0,0
95.3,d_19860401,0,0,0,0,0,0,4.7,0.1,0,0,0
65.1,d_19860501,0,0,0,0,0,0,34.9,6,0,0,0
80.9,d_19860601,0,0,0,0,0,0,19.1,6,0,0,0
94.3,d_19860701,1.4,0,0,0,0,0,4.3,0,0,0,0
82.5,d_19860801,17.1,0,0,0,0,0,0.3,0,0,0,0
88.4,d_19860901,0,0,0,0,0,0,11.6,2.4,0,0,0
47.1,d_19861001,0,0,0,0,0,0,52.8,5.3,0,0,0
74.1,d_19861101,0,0,0,0,0,0,26,2.8,0,0,0
91.9,d_19861201,0.8,0,0,0,0,0,7.3,0,0,0,0
92.6,d_19870101,7.5,1.7,0,0,0,0,0,0,0,0,0
96.1,d_19870201,3.9,0.4,0,0,0,0,0,0,0,0,0
96.1,d_19870301,2.9,0.4,0,0,0,0,1,0,0,0,0
97.5,d_19870401,2.5,0.2,0,0,0,0,0,0,0,0,0
100,d_19870501,0,0,0,0,0,0,0,0,0,0,0
49.9,d_19870601,50.1,0,0,0,0,0,0,0,0,0,0
90.5,d_19870701,9.5,0,0,0,0,0,0,0,0,0,0
97.4,d_19870801,1.3,0,0,0,0,0,1.3,0.1,0,0,0
98.6,d_19870901,0.9,0,0,0,0,0,0.5,0,0,0,0
54.3,d_19871001,0,0,0,0,0,0,45.7,5.6,0.4,0,0
6.2,d_19871101,0,0,0,0,0,0,93.8,71.9,4.1,0.4,0
7.3,d_19871201,0,0,0,0,0,0,92.7,70.7,5.6,0.4,0
0,d_19880101,0,0,0,0,0,0,100,90.8,43.6,4.3,0.1
10.9,d_19880201,0,0,0,0,0,0,89.1,54.3,0.3,0,0
40.3,d_19880301,0,0,0,0,0,0,59.7,39.2,2.6,0,0
0,d_19880401,0,0,0,0,0,0,99.9,96,42.7,14.1,0
0.9,d_19880501,0,0,0,0,0,0,99.1,92.5,21.8,1.2,0
0,d_19880601,0,0,0,0,0,0,100.1,99.2,57.5,29.3,0.8
0.6,d_19880701,0,0,0,0,0,0,99.3,92.9,33.6,3,0
19.1,d_19880801,0,0,0,0,0,0,80.9,33.5,0,0,0
63.9,d_19880901,0,0,0,0,0,0,36.1,4.2,0,0,0
99.9,d_19881001,0.1,0,0,0,0,0,0,0,0,0,0
73,d_19881101,0,0,0,0,0,0,27,0,0,0,0
49.1,d_19881201,0,0,0,0,0,0,50.9,19.5,0,0,0
55.6,d_19890101,44.5,14.7,0,0,0,0,0,0,0,0,0
29.7,d_19890201,70.3,27.7,0,0,0,0,0,0,0,0,0
18.6,d_19890301,81.4,70.9,2.8,0,0,0,0,0,0,0,0
2,d_19890401,98,84.8,31.5,1.1,0,0,0,0,0,0,0
0,d_19890501,100,91.1,53.3,0.4,0,0,0,0,0,0,0
4.7,d_19890601,95.3,83.5,30.1,0.4,0,0,0,0,0,0,0
8.2,d_19890701,91.7,69.8,1.6,0,0,0,0,0,0,0,0
18.5,d_19890801,81.4,44.7,4.3,0.2,0,0,0,0,0,0,0
2.5,d_19890901,97.4,79.9,23.5,2.9,0,0,0,0,0,0,0
0,d_19891001,100,76.1,39.5,8.5,0,0,0,0,0,0,0
0,d_19891101,100,94.9,59.6,23.6,0,0,0,0,0,0,0
0,d_19891201,100,100,83.4,62.3,23.2,0,0,0,0,0,0
14.6,d_19900101,85.3,75.5,44.5,12.6,1.6,0,0,0,0,0,0
15.8,d_19900201,84.2,61.3,5.8,2.1,0.2,0,0,0,0,0,0
22.4,d_19900301,77.7,44.3,2,0.2,0,0,0,0,0,0,0
56.6,d_19900401,43.4,10.3,0,0,0,0,0,0,0,0,0
40.7,d_19900501,59.2,29,0,0,0,0,0,0,0,0,0
62.1,d_19900601,35.1,1.1,0,0,0,0,2.8,0,0,0,0
60.5,d_19900701,28.5,0.7,0,0,0,0,11,2.3,0,0,0
63.9,d_19900801,24.2,0.9,0,0,0,0,11.8,4.2,0,0,0
70.2,d_19900901,0,0,0,0,0,0,29.8,22.3,6.2,0.5,0
79.6,d_19901001,0,0,0,0,0,0,20.4,10.8,1.3,0,0
81.6,d_19901101,1.3,0,0,0,0,0,17.1,6.4,0,0,0
79.9,d_19901201,0.9,0,0,0,0,0,19.2,9.8,2.8,0,0
71.9,d_19910101,18,1.1,0,0,0,0,10.1,4.5,0,0,0
52.7,d_19910201,44.1,14.9,0.2,0,0,0,3.2,0,0,0,0
60.7,d_19910301,38.2,4.2,0,0,0,0,1.1,0,0,0,0
44.8,d_19910401,55.2,17.1,0,0,0,0,0,0,0,0,0
91.7,d_19910501,2.6,0,0,0,0,0,5.7,0,0,0,0
77.8,d_19910601,22.1,0.1,0,0,0,0,0,0,0,0,0
46.3,d_19910701,53.7,23.4,0,0,0,0,0,0,0,0,0
27.2,d_19910801,72.9,42.7,0,0,0,0,0,0,0,0,0
36.5,d_19910901,63.4,41.4,0.2,0,0,0,0,0,0,0,0
74.9,d_19911001,24,0,0,0,0,0,1.1,0,0,0,0
86.2,d_19911101,0,0,0,0,0,0,13.8,5.1,0,0,0
88.1,d_19911201,10.8,2.8,0,0,0,0,1.1,0,0,0,0
87.1,d_19920101,7.9,2.6,0,0,0,0,5,0.4,0,0,0
87.8,d_19920201,12,0,0,0,0,0,0.2,0,0,0,0
50,d_19920301,0,0,0,0,0,0,49.9,36.9,8.9,0,0
46,d_19920401,0,0,0,0,0,0,54.1,36.7,1.5,0,0
19.7,d_19920501,0,0,0,0,0,0,80.3,53.2,29.9,0,0
34.9,d_19920601,0,0,0,0,0,0,65,38.2,18.1,2.8,0
63.6,d_19920701,0.4,0,0,0,0,0,35.9,30.7,14.3,1.7,0
63.7,d_19920801,0,0,0,0,0,0,36.3,19.8,7.1,0,0
79.4,d_19920901,0.3,0,0,0,0,0,20.2,9.9,0,0,0
35.4,d_19921001,0,0,0,0,0,0,64.6,21.7,0.2,0,0
82.3,d_19921101,0,0,0,0,0,0,17.7,0.6,0,0,0
69.6,d_19921201,26.3,0.9,0,0,0,0,4,0.5,0,0,0
6.5,d_19930101,0,0,0,0,0,0,93.6,86.6,29.5,7.9,0.6
0.1,d_19930201,0,0,0,0,0,0,99.9,96.6,76.1,39.3,7.1
0,d_19930301,0,0,0,0,0,0,100,98.5,50.3,15.6,2.6
0,d_19930401,0,0,0,0,0,0,99.9,98,60.1,12.5,1.7
0,d_19930501,0,0,0,0,0,0,99.9,94.5,31.1,12.4,0.2
0,d_19930601,0,0,0,0,0,0,100,100,82.9,35.1,6.8
0.7,d_19930701,0,0,0,0,0,0,99.2,87.4,34,19.3,2.9
1.3,d_19930801,0,0,0,0,0,0,98.7,82.6,40.6,24.6,5.1
43.9,d_19930901,0,0,0,0,0,0,56,37.1,13.5,1.6,0
90.5,d_19931001,6.8,0,0,0,0,0,2.7,0,0,0,0
11.9,d_19931101,88.1,64.7,7.5,0,0,0,0,0,0,0,0
1.6,d_19931201,98.4,84.8,17.8,0.7,0,0,0,0,0,0,0
1.4,d_19940101,98.6,91.3,54.6,14.5,0,0,0,0,0,0,0
7.8,d_19940201,92.2,71.5,11.1,0,0,0,0,0,0,0,0
0,d_19940301,100,99.5,65.4,7.3,0,0,0,0,0,0,0
11.8,d_19940401,88.3,48.1,0,0,0,0,0,0,0,0,0
16.4,d_19940501,83.6,29,0,0,0,0,0,0,0,0,0
53.5,d_19940601,46.5,11.1,0,0,0,0,0,0,0,0,0
0,d_19940701,100,93.8,2.8,0,0,0,0,0,0,0,0
0.7,d_19940801,99.3,79.3,2.7,0,0,0,0,0,0,0,0
19.3,d_19940901,80.6,31.2,0,0,0,0,0,0,0,0,0
98.2,d_19941001,0,0,0,0,0,0,1.8,0,0,0,0
46.6,d_19941101,0,0,0,0,0,0,53.4,14.4,0,0,0
27.2,d_19941201,0,0,0,0,0,0,72.8,47.5,0,0,0
8.8,d_19950101,0,0,0,0,0,0,91.2,67.4,5.9,0,0
6.2,d_19950201,0,0,0,0,0,0,93.7,57.9,0.2,0,0
0,d_19950301,0,0,0,0,0,0,100,98.9,60.6,17.9,0
0,d_19950401,0,0,0,0,0,0,100,100,97.1,54.9,1
0,d_19950501,0,0,0,0,0,0,100,100,100,89.8,21.8
0,d_19950601,0,0,0,0,0,0,100,100,100,99.8,80
0,d_19950701,0,0,0,0,0,0,100,100,96,92.3,27.2
4.1,d_19950801,0,0,0,0,0,0,95.9,93.7,57,11.8,0.4
4.9,d_19950901,0,0,0,0,0,0,95.1,91.7,35,5.4,0
49.2,d_19951001,0,0,0,0,0,0,50.8,14.7,0,0,0
73.8,d_19951101,0,0,0,0,0,0,26.1,4.5,0,0,0
48.1,d_19951201,51.8,17.4,1.5,0,0,0,0,0,0,0,0
32,d_19960101,68,46.1,6.6,2.3,0.1,0,0,0,0,0,0
4.4,d_19960201,95.7,81.9,42.5,15.8,1.3,0,0,0,0,0,0
0,d_19960301,100,100,88.8,74.3,54,0,0,0,0,0,0
0,d_19960401,100,95.4,76.7,63.7,43.3,0,0,0,0,0,0
1.6,d_19960501,98.4,89.2,56.9,41.8,10.2,0,0,0,0,0,0
1,d_19960601,99.1,91.5,61.8,45,17.1,0,0,0,0,0,0
22.3,d_19960701,77.7,54.5,15.5,0,0,0,0,0,0,0,0
16.5,d_19960801,83.6,63.6,36.3,9.3,0,0,0,0,0,0,0
21.8,d_19960901,78.2,56.1,8.9,0,0,0,0,0,0,0,0
30.3,d_19961001,69.7,46.3,1,0,0,0,0,0,0,0,0
57.9,d_19961101,39.7,13.3,0,0,0,0,2.4,0,0,0,0
85,d_19961201,3.5,0,0,0,0,0,11.5,1.4,0,0,0
44.8,d_19970101,0,0,0,0,0,0,55.2,26.4,0.4,0,0
67.5,d_19970201,0.6,0,0,0,0,0,32,12.7,0,0,0
71.4,d_19970301,15.9,0,0,0,0,0,12.8,2.8,0,0,0
57.4,d_19970401,23.3,4,0,0,0,0,19.3,8.1,0,0,0
63.4,d_19970501,1.1,0,0,0,0,0,35.4,18.4,0.6,0,0
57.9,d_19970601,1.3,0,0,0,0,0,40.8,22.9,1.6,0,0
69.1,d_19970701,2.1,0,0,0,0,0,28.7,14.3,0,0,0
74.3,d_19970801,5.6,0,0,0,0,0,20,5.6,0,0,0
9.5,d_19970901,0,0,0,0,0,0,90.5,67.1,27,2.2,0
42.7,d_19971001,1,0,0,0,0,0,56.3,24,0,0,0
26.8,d_19971101,0,0,0,0,0,0,73.2,48.3,0.3,0,0
11.6,d_19971201,0,0,0,0,0,0,88.5,76.3,10.4,0.6,0
18.1,d_19980101,0,0,0,0,0,0,81.9,58.3,1.7,0,0
6.4,d_19980201,0,0,0,0,0,0,93.5,81.8,48.5,16.6,0
9.5,d_19980301,0,0,0,0,0,0,90.5,73.6,40.4,4.6,0
3.4,d_19980401,0,0,0,0,0,0,96.6,90.2,56.9,27.4,0.2
4.9,d_19980501,0,0,0,0,0,0,95.1,82.6,39.5,11,0
49.2,d_19980601,0.1,0,0,0,0,0,50.8,16.1,0,0,0
6.4,d_19980701,0,0,0,0,0,0,93.7,79.6,20.9,2.6,0
14.3,d_19980801,0.1,0,0,0,0,0,85.6,60.3,4.1,0,0
0,d_19980901,0,0,0,0,0,0,100.1,99.6,79.5,37.5,5
0,d_19981001,0,0,0,0,0,0,100,100,99.8,86.4,39.7
0,d_19981101,0,0,0,0,0,0,100.1,100.1,99,60.2,4.1
0,d_19981201,0,0,0,0,0,0,100.1,100.1,82.4,42.2,3.5
1.9,d_19990101,0,0,0,0,0,0,98,88.4,48,15.3,0
10.3,d_19990201,0,0,0,0,0,0,89.7,73.6,23.8,0,0
64.1,d_19990301,1.2,0,0,0,0,0,34.7,1.6,0,0,0
88.1,d_19990401,1.1,0,0,0,0,0,10.8,0.2,0,0,0
74.6,d_19990501,0.6,0,0,0,0,0,24.8,2.4,0,0,0
83.3,d_19990601,15.5,0.4,0,0,0,0,1.2,0,0,0,0
76.3,d_19990701,23.7,2.6,0,0,0,0,0,0,0,0,0
85.6,d_19990801,14.4,0.4,0,0,0,0,0,0,0,0,0
94.6,d_19990901,5.1,0,0,0,0,0,0.3,0,0,0,0
74.2,d_19991001,25.8,0,0,0,0,0,0,0,0,0,0
68.2,d_19991101,31.8,0.2,0,0,0,0,0,0,0,0,0
92.3,d_19991201,7.6,0,0,0,0,0,0.1,0,0,0,0
66.1,d_20000101,33.9,1.1,0,0,0,0,0,0,0,0,0
95.2,d_20000201,0.2,0,0,0,0,0,4.6,0,0,0,0
93.3,d_20000301,6.7,0.6,0,0,0,0,0,0,0,0,0
4.8,d_20000401,95.2,26.3,0.9,0,0,0,0,0,0,0,0
0,d_20000501,100.1,91.1,9.1,1.3,0,0,0,0,0,0,0
1.4,d_20000601,98.6,63.2,9.7,3,0,0,0,0,0,0,0
0.3,d_20000701,99.7,71,11.1,4.4,1.1,0,0,0,0,0,0
77.5,d_20000801,22.6,5.8,0.4,0,0,0,0,0,0,0,0
83.6,d_20000901,16.3,3.4,0.2,0,0,0,0,0,0,0,0
41.8,d_20001001,0,0,0,0,0,0,58.2,46.8,19.7,0,0
63.8,d_20001101,0,0,0,0,0,0,36.2,22.2,0,0,0
62.9,d_20001201,4,0,0,0,0,0,33,14.9,0,0,0
56.2,d_20010101,0,0,0,0,0,0,43.8,25,0,0,0
31.3,d_20010201,0,0,0,0,0,0,68.7,35.9,0,0,0
55.1,d_20010301,0,0,0,0,0,0,44.8,10.4,0,0,0
11.8,d_20010401,0,0,0,0,0,0,88.2,58.9,7.3,0,0
68.9,d_20010501,0,0,0,0,0,0,31.1,3.2,0,0,0
55.5,d_20010601,0,0,0,0,0,0,44.5,6.5,0,0,0
31.6,d_20010701,68.4,17.7,0,0,0,0,0,0,0,0,0
57.9,d_20010801,42.2,8.3,0,0,0,0,0,0,0,0,0
39.5,d_20010901,60.4,7.7,0,0,0,0,0,0,0,0,0
1.2,d_20011001,98.8,87.9,2.2,0,0,0,0,0,0,0,0
2.6,d_20011101,97.3,89.8,10.7,1,0,0,0,0,0,0,0
6.6,d_20011201,93.5,57.9,4.4,0,0,0,0,0,0,0,0
0.1,d_20020101,99.9,95.9,86,57.3,3.4,0,0,0,0,0,0
0,d_20020201,99.9,99.9,93.3,72,21.2,0,0,0,0,0,0
0,d_20020301,99.9,99.9,97.3,86.4,27.7,0,0,0,0,0,0
0,d_20020401,100,100,100,97.7,44.3,0,0,0,0,0,0
0,d_20020501,100,100,100,100,99,0,0,0,0,0,0
0,d_20020601,100,100,100,100,95.8,0,0,0,0,0,0
0,d_20020701,100,100,99.4,97.8,95.4,0,0,0,0,0,0
0,d_20020801,100,100,100,100,99.7,0,0,0,0,0,0
0,d_20020901,100,100,100,100,100,0,0,0,0,0,0
0,d_20021001,100,100,99.4,97.3,85.9,0,0,0,0,0,0
0,d_20021101,100,100,93.9,86.8,60.2,0,0,0,0,0,0
0.1,d_20021201,100,99.4,88.5,77,31,0,0,0,0,0,0
0,d_20030101,100,99.9,93,84.3,55.8,0,0,0,0,0,0
2.1,d_20030201,97.9,91.7,33.1,0,0,0,0,0,0,0,0
3.6,d_20030301,96.4,76.1,0,0,0,0,0,0,0,0,0
24.6,d_20030401,75.4,8.3,0,0,0,0,0,0,0,0,0
98.2,d_20030501,1.8,0,0,0,0,0,0,0,0,0,0
38.6,d_20030601,61.4,10.2,0,0,0,0,0,0,0,0,0
4.9,d_20030701,95.1,83.8,11.3,2.5,0,0,0,0,0,0,0
10.4,d_20030801,89.5,71.1,15.1,2.9,0,0,0,0,0,0,0
7.6,d_20030901,92.3,73.9,24.9,7.7,2.5,0,0,0,0,0,0
3.7,d_20031001,96.4,85.7,27.1,8.6,2.7,0,0,0,0,0,0
0.3,d_20031101,99.7,95.3,51.4,20.6,5.9,0,0,0,0,0,0
8.9,d_20031201,91.1,84.6,24.7,5.4,0.8,0,0,0,0,0,0
2.5,d_20040101,97.5,94.6,74.3,38.4,1.2,0,0,0,0,0,0
10.6,d_20040201,89.4,73.6,17.7,1.2,0,0,0,0,0,0,0
3.2,d_20040301,96.7,90.4,49.5,11.1,0,0,0,0,0,0,0
13.2,d_20040401,86.8,65.4,11.3,0,0,0,0,0,0,0,0
5.4,d_20040501,94.7,71.7,2.8,0,0,0,0,0,0,0,0
14.4,d_20040601,85.6,58.1,0.2,0,0,0,0,0,0,0,0
75,d_20040701,24.8,0,0,0,0,0,0.2,0,0,0,0
38.2,d_20040801,61.8,8.3,0,0,0,0,0,0,0,0,0
8.1,d_20040901,91.9,54.5,0,0,0,0,0,0,0,0,0
21.9,d_20041001,0,0,0,0,0,0,78.1,55.7,5.1,0,0
10.5,d_20041101,0,0,0,0,0,0,89.5,69.6,12.1,0,0
0,d_20041201,0,0,0,0,0,0,99.9,98.7,82.2,53.2,8.4
0,d_20050101,0,0,0,0,0,0,100,100,87.7,75.8,55.5
0,d_20050201,0,0,0,0,0,0,100.1,100.1,92.1,83.5,62.5
0,d_20050301,0,0,0,0,0,0,100,100,99.8,88.2,63.5
0,d_20050401,0,0,0,0,0,0,100.1,100.1,96.7,85.2,64.5
0,d_20050501,0,0,0,0,0,0,100.1,100.1,100.1,98.5,76.4
0,d_20050601,0,0,0,0,0,0,100,100,100,100,99.2
0,d_20050701,0,0,0,0,0,0,100,100,97.6,79.6,48.5
0,d_20050801,0,0,0,0,0,0,100,100,98,77,47.7
0,d_20050901,0,0,0,0,0,0,100,100,83.5,52,34.8
0,d_20051001,0,0,0,0,0,0,99.9,98,58.3,34.5,0
5.9,d_20051101,0,0,0,0,0,0,94.1,73.8,27.1,0,0
23.8,d_20051201,0,0,0,0,0,0,76.2,51.4,0,0,0
38.9,d_20060101,1.1,0,0,0,0,0,60.1,3.8,0,0,0
95,d_20060201,5,0.2,0,0,0,0,0,0,0,0,0
91.2,d_20060301,0.7,0,0,0,0,0,8.1,0,0,0,0
87.1,d_20060401,0,0,0,0,0,0,12.9,0,0,0,0
82,d_20060501,18,1.2,0,0,0,0,0,0,0,0,0
90.5,d_20060601,9.5,0.3,0,0,0,0,0,0,0,0,0
96.7,d_20060701,3.3,0,0,0,0,0,0,0,0,0,0
91.7,d_20060801,8.3,0.5,0,0,0,0,0,0,0,0,0
97.1,d_20060901,2.9,0,0,0,0,0,0,0,0,0,0
58,d_20061001,0,0,0,0,0,0,42,14.7,0,0,0
55.6,d_20061101,0,0,0,0,0,0,44.5,19.8,0,0,0
84.6,d_20061201,12.2,0,0,0,0,0,3.2,0,0,0,0
65.4,d_20070101,28.7,5.4,0,0,0,0,5.9,0,0,0,0
82.4,d_20070201,6.3,0.1,0,0,0,0,11.3,1.1,0,0,0
78.2,d_20070301,20.4,4,0,0,0,0,1.4,0,0,0,0
48.3,d_20070401,51.7,20.8,0,0,0,0,0,0,0,0,0
70,d_20070501,30,11.2,0,0,0,0,0,0,0,0,0
62.4,d_20070601,37.6,11.2,0,0,0,0,0,0,0,0,0
0.6,d_20070701,99.5,83.6,28,8.4,0.8,0,0,0,0,0,0
23.4,d_20070801,76.5,39.7,9.5,2.1,0,0,0,0,0,0,0
42.1,d_20070901,57.8,17.9,0.1,0,0,0,0,0,0,0,0
2.8,d_20071001,97.2,67.2,0.7,0,0,0,0,0,0,0,0
0,d_20071101,100.1,85,18.7,0.2,0,0,0,0,0,0,0
97.8,d_20071201,2.2,0,0,0,0,0,0,0,0,0,0
90.6,d_20080101,0,0,0,0,0,0,9.3,0.1,0,0,0
67.8,d_20080201,0,0,0,0,0,0,32.1,5.7,0,0,0
98.3,d_20080301,0,0,0,0,0,0,1.7,0,0,0,0
95.7,d_20080401,4.3,0,0,0,0,0,0,0,0,0,0
92.2,d_20080501,7.8,0,0,0,0,0,0,0,0,0,0
72.3,d_20080601,27.8,3.4,0,0,0,0,0,0,0,0,0
95.2,d_20080701,4.8,0.3,0,0,0,0,0,0,0,0,0
87.8,d_20080801,12.2,3.1,0,0,0,0,0,0,0,0,0
5.3,d_20080901,94.8,56.2,18.5,4.9,0,0,0,0,0,0,0
0,d_20081001,100,100,89.4,35.4,2.2,0,0,0,0,0,0
0,d_20081101,100.1,100.1,96.1,43.4,3.5,0,0,0,0,0,0
17.5,d_20081201,82.6,54.8,3.2,0,0,0,0,0,0,0,0
54.6,d_20090101,45.4,5.4,0,0,0,0,0,0,0,0,0
59.2,d_20090201,40.7,18.8,0,0,0,0,0.1,0,0,0,0
37.9,d_20090301,62.1,28.2,1.6,0,0,0,0,0,0,0,0
35.5,d_20090401,64.5,14.5,0,0,0,0,0,0,0,0,0
81.9,d_20090501,18.1,0.1,0,0,0,0,0,0,0,0,0
100,d_20090601,0,0,0,0,0,0,0,0,0,0,0
85.7,d_20090701,14.3,0,0,0,0,0,0,0,0,0,0
15.4,d_20090801,84.6,32.7,7.9,0,0,0,0,0,0,0,0
0,d_20090901,100,99.3,51.3,24.2,6.7,0,0,0,0,0,0
0,d_20091001,100.1,100.1,86,49.5,15.5,0,0,0,0,0,0
0,d_20091101,100,100,99.8,78.1,38.1,0,0,0,0,0,0
1.2,d_20091201,98.8,90.8,43.5,19.1,0.6,0,0,0,0,0,0
21.7,d_20100101,78.3,56.8,23.1,4.8,0,0,0,0,0,0,0
25.6,d_20100201,74.4,28.3,0,0,0,0,0,0,0,0,0
62.8,d_20100301,37.2,4.5,0,0,0,0,0,0,0,0,0
86.9,d_20100401,11.5,2.8,0,0,0,0,1.6,0,0,0,0
56.9,d_20100501,3,0.2,0,0,0,0,40.1,0.8,0,0,0
45.9,d_20100601,0.1,0,0,0,0,0,53.9,22.7,0,0,0
32.6,d_20100701,0,0,0,0,0,0,67.4,40.4,0,0,0
24.9,d_20100801,0,0,0,0,0,0,75.1,32.1,0,0,0
94.4,d_20100901,2.6,0,0,0,0,0,3,0,0,0,0
38.2,d_20101001,0,0,0,0,0,0,61.8,37.4,0,0,0
29.9,d_20101101,0,0,0,0,0,0,70.2,42,0,0,0
0,d_20101201,0,0,0,0,0,0,99.9,99.9,83,46,12.9
1.6,d_20110101,0,0,0,0,0,0,98.4,83.6,28.2,8.5,0.2
0,d_20110201,0,0,0,0,0,0,99.9,90.3,45.2,14.6,4.2
4.6,d_20110301,0,0,0,0,0,0,95.3,84.4,20.3,6.7,0
0,d_20110401,0,0,0,0,0,0,99.9,96.1,44.4,13.6,0.3
0,d_20110501,0,0,0,0,0,0,100,100,80.2,63.7,16.9
0,d_20110601,0,0,0,0,0,0,100.1,100.1,92.3,76.6,44.8
2.6,d_20110701,0,0,0,0,0,0,97.4,86,70.1,54,7.6
16.1,d_20110801,0,0,0,0,0,0,83.8,71.5,49.4,26.2,0
26.3,d_20110901,28.9,18.9,0,0,0,0,44.9,25.1,0,0,0
38.4,d_20111001,0,0,0,0,0,0,61.7,53.5,25,0,0
40.8,d_20111101,0,0,0,0,0,0,59.3,44.3,4.4,0,0
41.7,d_20111201,0,0,0,0,0,0,58.3,43.2,5.2,0,0
65,d_20120101,0,0,0,0,0,0,35,15.9,0,0,0
83.6,d_20120201,16.4,1.4,0,0,0,0,0,0,0,0,0
81.2,d_20120301,18.9,2.7,0,0,0,0,0,0,0,0,0
60.5,d_20120401,39.4,3.1,0,0,0,0,0,0,0,0,0
59.9,d_20120501,40.1,7.9,0,0,0,0,0,0,0,0,0
0,d_20120601,100,34,3.1,0,0,0,0,0,0,0,0
27.8,d_20120701,72.2,18.4,2.6,0,0,0,0,0,0,0,0
91.7,d_20120801,8.2,3.9,0,0,0,0,0,0,0,0,0
86.5,d_20120901,4.9,0.1,0,0,0,0,8.5,0,0,0,0
78.5,d_20121001,1.8,0,0,0,0,0,19.7,0,0,0,0
95.9,d_20121101,3.9,0,0,0,0,0,0.2,0,0,0,0
29.9,d_20121201,0,0,0,0,0,0,70.1,5,0,0,0
13.8,d_20130101,0,0,0,0,0,0,86.1,18.7,0,0,0
11,d_20130201,0,0,0,0,0,0,89,37.3,0,0,0
33.6,d_20130301,0,0,0,0,0,0,66.4,21.8,0,0,0
99.4,d_20130401,0,0,0,0,0,0,0.6,0,0,0,0
43.9,d_20130501,56.1,9.7,0,0,0,0,0,0,0,0,0
7.4,d_20130601,92.6,54.2,0.1,0,0,0,0,0,0,0,0
74.4,d_20130701,25.7,2.4,0,0,0,0,0,0,0,0,0
67.8,d_20130801,0,0,0,0,0,0,32.3,4.6,0,0,0
27.7,d_20130901,0,0,0,0,0,0,72.3,49.2,9.9,0,0
36.2,d_20131001,0,0,0,0,0,0,63.8,38.1,0,0,0
15.8,d_20131101,0,0,0,0,0,0,84.2,42.8,0.2,0,0
3.3,d_20131201,0,0,0,0,0,0,96.6,76.1,14.7,0.4,0
11.2,d_20140101,0,0,0,0,0,0,88.7,57.7,4.8,0,0
26.9,d_20140201,0,0,0,0,0,0,73.1,43,3.1,0,0
46.9,d_20140301,0,0,0,0,0,0,53.2,29,3.6,0,0
91,d_20140401,4.1,0,0,0,0,0,4.9,0.7,0,0,0
79.5,d_20140501,17.7,2.7,0,0,0,0,2.9,0.4,0,0,0
1.4,d_20140601,98.5,95.6,65,4.3,0,0,0,0,0,0,0
12.7,d_20140701,87.4,63.3,15.8,0.2,0,0,0,0,0,0,0
45.8,d_20140801,54.2,36.1,2.6,0,0,0,0,0,0,0,0
49.7,d_20140901,1.2,0,0,0,0,0,49.2,19.8,0.4,0,0
62.3,d_20141001,1,0,0,0,0,0,36.7,9.3,0.1,0,0
50.9,d_20141101,0,0,0,0,0,0,49.1,22.7,0.3,0,0
15.5,d_20141201,0,0,0,0,0,0,84.6,52.3,1.2,0,0
16.3,d_20150101,0,0,0,0,0,0,83.6,58.6,9.5,0.1,0
35.4,d_20150201,0,0,0,0,0,0,64.7,33.1,1.5,0,0
35.1,d_20150301,0,0,0,0,0,0,64.9,28,3.1,2.4,0
69.4,d_20150401,0.4,0,0,0,0,0,30.2,5,2.3,0,0
21.8,d_20150501,0,0,0,0,0,0,78.2,58.1,4.7,1.9,0
85,d_20150601,0.6,0,0,0,0,0,14.3,2.9,0,0,0
28.2,d_20150701,0,0,0,0,0,0,71.8,24.1,3,0.3,0
24.7,d_20150801,0,0,0,0,0,0,75.3,30,2.9,0,0
38.4,d_20150901,0,0,0,0,0,0,61.6,22.1,2.7,0,0
5.4,d_20151001,0,0,0,0,0,0,94.5,58.6,15.9,5.1,0.1
0.9,d_20151101,0,0,0,0,0,0,99.1,71.4,24.2,6.8,0
0,d_20151201,0,0,0,0,0,0,100,90.8,52.8,25.2,0
0,d_20160101,0,0,0,0,0,0,99.9,99.9,76.7,51.4,8.6
38.9,d_20160201,0,0,0,0,0,0,61.2,29.7,0,0,0
78.6,d_20160301,0,0,0,0,0,0,21.4,0,0,0,0
58.1,d_20160401,0,0,0,0,0,0,41.9,9.3,0,0,0
62.7,d_20160501,0,0,0,0,0,0,37.4,8.3,0,0,0
73.3,d_20160601,0,0,0,0,0,0,26.7,3.4,0,0,0
100,d_20160701,0,0,0,0,0,0,0,0,0,0,0
99.8,d_20160801,0,0,0,0,0,0,0.2,0,0,0,0
100,d_20160901,0,0,0,0,0,0,0,0,0,0,0
48.3,d_20161001,51.7,3.8,0,0,0,0,0,0,0,0,0
98.7,d_20161101,1.3,0,0,0,0,0,0,0,0,0,0
70.7,d_20161201,0,0,0,0,0,0,29.3,0,0,0,0
50.6,d_20170101,0,0,0,0,0,0,49.3,10,0,0,0
48.5,d_20170201,0,0,0,0,0,0,51.5,19.8,0.4,0,0
40.2,d_20170301,0,0,0,0,0,0,59.8,5.3,0,0,0
53.7,d_20170401,0,0,0,0,0,0,46.3,11.1,0,0,0
54,d_20170501,0,0,0,0,0,0,46,5,0,0,0
81.8,d_20170601,0.4,0,0,0,0,0,17.9,0.4,0,0,0
7.1,d_20170701,0,0,0,0,0,0,92.9,59.2,1.2,0,0
5.3,d_20170801,0,0,0,0,0,0,94.7,85.8,16.9,0,0
5.4,d_20170901,0,0,0,0,0,0,94.6,71.9,8.7,0,0
84.3,d_20171001,1.2,0,0,0,0,0,14.4,6.5,0,0,0
75.7,d_20171101,15.6,1.8,0,0,0,0,8.7,1.6,0,0,0
59.5,d_20171201,40.4,15.7,0.7,0,0,0,0.2,0,0,0,0
67.6,d_20180101,32.4,7.9,0,0,0,0,0,0,0,0,0
59,d_20180201,41,13.4,0.1,0,0,0,0,0,0,0,0
91,d_20180301,8.9,0.9,0,0,0,0,0.2,0,0,0,0
34.1,d_20180401,66,27,2.9,0.1,0,0,0,0,0,0,0
0,d_20180501,100,85.5,11.2,1.4,0,0,0,0,0,0,0
0,d_20180601,100.1,100.1,88.5,48.4,5,0,0,0,0,0,0
0,d_20180701,100,61.4,0,0,0,0,0,0,0,0,0
32.4,d_20180801,67.6,1.6,0,0,0,0,0,0,0,0,0
14.6,d_20180901,85.4,17.9,0,0,0,0,0,0,0,0,0
96.1,d_20181001,0,0,0,0,0,0,3.9,0,0,0,0
80.7,d_20181101,0,0,0,0,0,0,19.3,1.3,0,0,0
79.7,d_20181201,10.8,0,0,0,0,0,9.5,0.4,0,0,0
73.4,d_20190101,0,0,0,0,0,0,26.6,18.1,0,0,0
27,d_20190201,0,0,0,0,0,0,72.9,38.3,14,0.6,0
0,d_20190301,0,0,0,0,0,0,100.1,95.5,47.5,14,0
0,d_20190401,0,0,0,0,0,0,99.9,99.7,37.5,5.4,0
0,d_20190501,0,0,0,0,0,0,99.9,99.9,99.9,98.7,34.6
0,d_20190601,0,0,0,0,0,0,100,100,100,100,81.3
0,d_20190701,0,0,0,0,0,0,100,100,97,57.5,13.4
0,d_20190801,0,0,0,0,0,0,100,100,62.7,30.8,0
0,d_20190901,0,0,0,0,0,0,99.9,95.2,42.5,20.5,0
15.9,d_20191001,0,0,0,0,0,0,84.1,50.2,19.7,3.4,0
0,d_20191101,0,0,0,0,0,0,100,91.1,26.4,2.7,0
16.1,d_20191201,0,0,0,0,0,0,83.8,44.4,11.1,0,0
68.2,d_20200101,0,0,0,0,0,0,31.8,14.2,0,0,0
27.9,d_20200201,72.2,51,14.3,0,0,0,0,0,0,0,0
39.4,d_20200301,60.6,6.8,0,0,0,0,0,0,0,0,0
70.3,d_20200401,29.6,0.3,0,0,0,0,0,0,0,0,0
97.8,d_20200501,2.2,0,0,0,0,0,0,0,0,0,0
100,d_20200601,0,0,0,0,0,0,0,0,0,0,0
94.4,d_20200701,0,0,0,0,0,0,5.6,0,0,0,0
0,d_20200801,100,89.5,54.2,8.9,1.1,0,0,0,0,0,0
0,d_20200901,100,100,99.3,87,46.1,0,0,0,0,0,0
0,d_20201001,100,100,99.9,96.7,74.6,0,0,0,0,0,0
0,d_20201101,100,100,98.1,90,78.8,0,0,0,0,0,0
0,d_20201201,100,100,100,100,100,0,0,0,0,0,0
0,d_20210101,100,100,100,100,100,0,0,0,0,0,0
0,d_20210201,100,100,100,100,100,0,0,0,0,0,0
0,d_20210301,100,100,100,100,100,0,0,0,0,0,0
0,d_20210401,100,100,100,100,99.6,0,0,0,0,0,0
0,d_20210501,100,100,100,100,83.2,0,0,0,0,0,0
0,d_20210601,100,100,100,98.8,66.2,0,0,0,0,0,0
36.4,d_20210701,63.5,39.8,6.6,0.7,0,0,0,0,0,0,0
72.3,d_20210801,27.5,3.9,0,0,0,0,0.2,0,0,0,0
78.7,d_20210901,20,1.2,0,0,0,0,1.3,0,0,0,0
76.1,d_20211001,0.2,0,0,0,0,0,23.7,4.3,0,0,0
